"invocation","target_kib","repeat","variant","D","S","R","O_i","B_i","rows_per_worker","bytes_per_worker","mode","S_tile","iterations","timed_repetitions","warmup","worker_count","worker_list","affinity","affinity_error","affinity_succeeded","timed_repetitions_exact","avx2_supported","kernel_used","eviction_bytes","eviction_checksum","elapsed_seconds","mac_total","mac_per_second","checksum"
"1","512","1","A","512","1","16","1211,1136,683,1066","620032,581632,349696,545792","1211,1136,683,1066","620032,581632,349696,545792","legacy","8","1","8","2","4","0,2,4,6","true,true,true,true","0,0,0,0","true","true","true","avx2","0","0","0.0046099","268435456","5.82302e+10","81541731"
"1","512","1","A","512","1","16","1211,1136,683,1066","620032,581632,349696,545792","1211,1136,683,1066","620032,581632,349696,545792","repeat","8","1","8","2","4","0,2,4,6","true,true,true,true","0,0,0,0","true","true","true","avx2","0","0","0.0135748","268435456","1.97745e+10","81541731"
"1","512","1","A","512","1","16","1211,1136,683,1066","620032,581632,349696,545792","1211,1136,683,1066","620032,581632,349696,545792","fused","8","1","8","2","4","0,2,4,6","true,true,true,true","0,0,0,0","true","true","true","avx2","0","0","0.012504","268435456","2.1468e+10","81541731"
"2","512","1","B","512","1","16","1211,1136,683,1066","9920512,9306112,5595136,8732672","1211,1136,683,1066","9920512,9306112,5595136,8732672","legacy","8","1","8","2","4","0,2,4,6","true,true,true,true","0,0,0,0","true","true","true","avx2","0","0","0.0108213","268435456","2.48062e+10","18446744073530809057"
"2","512","1","B","512","1","16","1211,1136,683,1066","9920512,9306112,5595136,8732672","1211,1136,683,1066","9920512,9306112,5595136,8732672","repeat","8","1","8","2","4","0,2,4,6","true,true,true,true","0,0,0,0","true","true","true","avx2","0","0","0.0104067","268435456","2.57945e+10","18446744073530809057"
"2","512","1","B","512","1","16","1211,1136,683,1066","9920512,9306112,5595136,8732672","1211,1136,683,1066","9920512,9306112,5595136,8732672","fused","8","1","8","2","4","0,2,4,6","true,true,true,true","0,0,0,0","true","true","true","avx2","0","0","0.0137204","268435456","1.95647e+10","18446744073530809057"
"3","512","2","B","512","1","16","1211,1136,683,1066","9920512,9306112,5595136,8732672","1211,1136,683,1066","9920512,9306112,5595136,8732672","legacy","8","1","8","2","4","0,2,4,6","true,true,true,true","0,0,0,0","true","true","true","avx2","0","0","0.0093697","268435456","2.86493e+10","18446744073530809057"
"3","512","2","B","512","1","16","1211,1136,683,1066","9920512,9306112,5595136,8732672","1211,1136,683,1066","9920512,9306112,5595136,8732672","repeat","8","1","8","2","4","0,2,4,6","true,true,true,true","0,0,0,0","true","true","true","avx2","0","0","0.009352","268435456","2.87035e+10","18446744073530809057"
"3","512","2","B","512","1","16","1211,1136,683,1066","9920512,9306112,5595136,8732672","1211,1136,683,1066","9920512,9306112,5595136,8732672","fused","8","1","8","2","4","0,2,4,6","true,true,true,true","0,0,0,0","true","true","true","avx2","0","0","0.0165487","268435456","1.62209e+10","18446744073530809057"
"4","512","2","A","512","1","16","1211,1136,683,1066","620032,581632,349696,545792","1211,1136,683,1066","620032,581632,349696,545792","legacy","8","1","8","2","4","0,2,4,6","true,true,true,true","0,0,0,0","true","true","true","avx2","0","0","0.0047384","268435456","5.66511e+10","81541731"
"4","512","2","A","512","1","16","1211,1136,683,1066","620032,581632,349696,545792","1211,1136,683,1066","620032,581632,349696,545792","repeat","8","1","8","2","4","0,2,4,6","true,true,true,true","0,0,0,0","true","true","true","avx2","0","0","0.0108757","268435456","2.46821e+10","81541731"
"4","512","2","A","512","1","16","1211,1136,683,1066","620032,581632,349696,545792","1211,1136,683,1066","620032,581632,349696,545792","fused","8","1","8","2","4","0,2,4,6","true,true,true,true","0,0,0,0","true","true","true","avx2","0","0","0.0149166","268435456","1.79958e+10","81541731"
"5","512","3","A","512","1","16","1211,1136,683,1066","620032,581632,349696,545792","1211,1136,683,1066","620032,581632,349696,545792","legacy","8","1","8","2","4","0,2,4,6","true,true,true,true","0,0,0,0","true","true","true","avx2","0","0","0.0048341","268435456","5.55296e+10","81541731"
"5","512","3","A","512","1","16","1211,1136,683,1066","620032,581632,349696,545792","1211,1136,683,1066","620032,581632,349696,545792","repeat","8","1","8","2","4","0,2,4,6","true,true,true,true","0,0,0,0","true","true","true","avx2","0","0","0.0096086","268435456","2.7937e+10","81541731"
"5","512","3","A","512","1","16","1211,1136,683,1066","620032,581632,349696,545792","1211,1136,683,1066","620032,581632,349696,545792","fused","8","1","8","2","4","0,2,4,6","true,true,true,true","0,0,0,0","true","true","true","avx2","0","0","0.0141097","268435456","1.90249e+10","81541731"
"6","512","3","B","512","1","16","1211,1136,683,1066","9920512,9306112,5595136,8732672","1211,1136,683,1066","9920512,9306112,5595136,8732672","legacy","8","1","8","2","4","0,2,4,6","true,true,true,true","0,0,0,0","true","true","true","avx2","0","0","0.0067555","268435456","3.97358e+10","18446744073530809057"
"6","512","3","B","512","1","16","1211,1136,683,1066","9920512,9306112,5595136,8732672","1211,1136,683,1066","9920512,9306112,5595136,8732672","repeat","8","1","8","2","4","0,2,4,6","true,true,true,true","0,0,0,0","true","true","true","avx2","0","0","0.0109149","268435456","2.45935e+10","18446744073530809057"
"6","512","3","B","512","1","16","1211,1136,683,1066","9920512,9306112,5595136,8732672","1211,1136,683,1066","9920512,9306112,5595136,8732672","fused","8","1","8","2","4","0,2,4,6","true,true,true,true","0,0,0,0","true","true","true","avx2","0","0","0.0181337","268435456","1.48031e+10","18446744073530809057"
"7","512","4","B","512","1","16","1211,1136,683,1066","9920512,9306112,5595136,8732672","1211,1136,683,1066","9920512,9306112,5595136,8732672","legacy","8","1","8","2","4","0,2,4,6","true,true,true,true","0,0,0,0","true","true","true","avx2","0","0","0.0094765","268435456","2.83264e+10","18446744073530809057"
"7","512","4","B","512","1","16","1211,1136,683,1066","9920512,9306112,5595136,8732672","1211,1136,683,1066","9920512,9306112,5595136,8732672","repeat","8","1","8","2","4","0,2,4,6","true,true,true,true","0,0,0,0","true","true","true","avx2","0","0","0.0132775","268435456","2.02173e+10","18446744073530809057"
"7","512","4","B","512","1","16","1211,1136,683,1066","9920512,9306112,5595136,8732672","1211,1136,683,1066","9920512,9306112,5595136,8732672","fused","8","1","8","2","4","0,2,4,6","true,true,true,true","0,0,0,0","true","true","true","avx2","0","0","0.0153621","268435456","1.74739e+10","18446744073530809057"
"8","512","4","A","512","1","16","1211,1136,683,1066","620032,581632,349696,545792","1211,1136,683,1066","620032,581632,349696,545792","legacy","8","1","8","2","4","0,2,4,6","true,true,true,true","0,0,0,0","true","true","true","avx2","0","0","0.0053607","268435456","5.00747e+10","81541731"
"8","512","4","A","512","1","16","1211,1136,683,1066","620032,581632,349696,545792","1211,1136,683,1066","620032,581632,349696,545792","repeat","8","1","8","2","4","0,2,4,6","true,true,true,true","0,0,0,0","true","true","true","avx2","0","0","0.0118173","268435456","2.27155e+10","81541731"
"8","512","4","A","512","1","16","1211,1136,683,1066","620032,581632,349696,545792","1211,1136,683,1066","620032,581632,349696,545792","fused","8","1","8","2","4","0,2,4,6","true,true,true,true","0,0,0,0","true","true","true","avx2","0","0","0.0177326","268435456","1.5138e+10","81541731"
"9","512","5","A","512","1","16","1211,1136,683,1066","620032,581632,349696,545792","1211,1136,683,1066","620032,581632,349696,545792","legacy","8","1","8","2","4","0,2,4,6","true,true,true,true","0,0,0,0","true","true","true","avx2","0","0","0.0062975","268435456","4.26257e+10","81541731"
"9","512","5","A","512","1","16","1211,1136,683,1066","620032,581632,349696,545792","1211,1136,683,1066","620032,581632,349696,545792","repeat","8","1","8","2","4","0,2,4,6","true,true,true,true","0,0,0,0","true","true","true","avx2","0","0","0.0181342","268435456","1.48027e+10","81541731"
"9","512","5","A","512","1","16","1211,1136,683,1066","620032,581632,349696,545792","1211,1136,683,1066","620032,581632,349696,545792","fused","8","1","8","2","4","0,2,4,6","true,true,true,true","0,0,0,0","true","true","true","avx2","0","0","0.0167386","268435456","1.60369e+10","81541731"
"10","512","5","B","512","1","16","1211,1136,683,1066","9920512,9306112,5595136,8732672","1211,1136,683,1066","9920512,9306112,5595136,8732672","legacy","8","1","8","2","4","0,2,4,6","true,true,true,true","0,0,0,0","true","true","true","avx2","0","0","0.0102103","268435456","2.62907e+10","18446744073530809057"
"10","512","5","B","512","1","16","1211,1136,683,1066","9920512,9306112,5595136,8732672","1211,1136,683,1066","9920512,9306112,5595136,8732672","repeat","8","1","8","2","4","0,2,4,6","true,true,true,true","0,0,0,0","true","true","true","avx2","0","0","0.0321342","268435456","8.35358e+09","18446744073530809057"
"10","512","5","B","512","1","16","1211,1136,683,1066","9920512,9306112,5595136,8732672","1211,1136,683,1066","9920512,9306112,5595136,8732672","fused","8","1","8","2","4","0,2,4,6","true,true,true,true","0,0,0,0","true","true","true","avx2","0","0","0.0197983","268435456","1.35585e+10","18446744073530809057"
"11","512","6","B","512","1","16","1211,1136,683,1066","9920512,9306112,5595136,8732672","1211,1136,683,1066","9920512,9306112,5595136,8732672","legacy","8","1","8","2","4","0,2,4,6","true,true,true,true","0,0,0,0","true","true","true","avx2","0","0","0.0189651","268435456","1.41542e+10","18446744073530809057"
"11","512","6","B","512","1","16","1211,1136,683,1066","9920512,9306112,5595136,8732672","1211,1136,683,1066","9920512,9306112,5595136,8732672","repeat","8","1","8","2","4","0,2,4,6","true,true,true,true","0,0,0,0","true","true","true","avx2","0","0","0.014577","268435456","1.8415e+10","18446744073530809057"
"11","512","6","B","512","1","16","1211,1136,683,1066","9920512,9306112,5595136,8732672","1211,1136,683,1066","9920512,9306112,5595136,8732672","fused","8","1","8","2","4","0,2,4,6","true,true,true,true","0,0,0,0","true","true","true","avx2","0","0","0.0278705","268435456","9.63153e+09","18446744073530809057"
"12","512","6","A","512","1","16","1211,1136,683,1066","620032,581632,349696,545792","1211,1136,683,1066","620032,581632,349696,545792","legacy","8","1","8","2","4","0,2,4,6","true,true,true,true","0,0,0,0","true","true","true","avx2","0","0","0.0110851","268435456","2.42159e+10","81541731"
"12","512","6","A","512","1","16","1211,1136,683,1066","620032,581632,349696,545792","1211,1136,683,1066","620032,581632,349696,545792","repeat","8","1","8","2","4","0,2,4,6","true,true,true,true","0,0,0,0","true","true","true","avx2","0","0","0.0123074","268435456","2.18109e+10","81541731"
"12","512","6","A","512","1","16","1211,1136,683,1066","620032,581632,349696,545792","1211,1136,683,1066","620032,581632,349696,545792","fused","8","1","8","2","4","0,2,4,6","true,true,true,true","0,0,0,0","true","true","true","avx2","0","0","0.0212105","268435456","1.26558e+10","81541731"
"13","512","7","A","512","1","16","1211,1136,683,1066","620032,581632,349696,545792","1211,1136,683,1066","620032,581632,349696,545792","legacy","8","1","8","2","4","0,2,4,6","true,true,true,true","0,0,0,0","true","true","true","avx2","0","0","0.0086145","268435456","3.11609e+10","81541731"
"13","512","7","A","512","1","16","1211,1136,683,1066","620032,581632,349696,545792","1211,1136,683,1066","620032,581632,349696,545792","repeat","8","1","8","2","4","0,2,4,6","true,true,true,true","0,0,0,0","true","true","true","avx2","0","0","0.0109937","268435456","2.44172e+10","81541731"
"13","512","7","A","512","1","16","1211,1136,683,1066","620032,581632,349696,545792","1211,1136,683,1066","620032,581632,349696,545792","fused","8","1","8","2","4","0,2,4,6","true,true,true,true","0,0,0,0","true","true","true","avx2","0","0","0.0175193","268435456","1.53223e+10","81541731"
"14","512","7","B","512","1","16","1211,1136,683,1066","9920512,9306112,5595136,8732672","1211,1136,683,1066","9920512,9306112,5595136,8732672","legacy","8","1","8","2","4","0,2,4,6","true,true,true,true","0,0,0,0","true","true","true","avx2","0","0","0.0094382","268435456","2.84414e+10","18446744073530809057"
"14","512","7","B","512","1","16","1211,1136,683,1066","9920512,9306112,5595136,8732672","1211,1136,683,1066","9920512,9306112,5595136,8732672","repeat","8","1","8","2","4","0,2,4,6","true,true,true,true","0,0,0,0","true","true","true","avx2","0","0","0.0127943","268435456","2.09809e+10","18446744073530809057"
"14","512","7","B","512","1","16","1211,1136,683,1066","9920512,9306112,5595136,8732672","1211,1136,683,1066","9920512,9306112,5595136,8732672","fused","8","1","8","2","4","0,2,4,6","true,true,true,true","0,0,0,0","true","true","true","avx2","0","0","0.0194856","268435456","1.37761e+10","18446744073530809057"
"15","512","8","B","512","1","16","1211,1136,683,1066","9920512,9306112,5595136,8732672","1211,1136,683,1066","9920512,9306112,5595136,8732672","legacy","8","1","8","2","4","0,2,4,6","true,true,true,true","0,0,0,0","true","true","true","avx2","0","0","0.0090031","268435456","2.98159e+10","18446744073530809057"
"15","512","8","B","512","1","16","1211,1136,683,1066","9920512,9306112,5595136,8732672","1211,1136,683,1066","9920512,9306112,5595136,8732672","repeat","8","1","8","2","4","0,2,4,6","true,true,true,true","0,0,0,0","true","true","true","avx2","0","0","0.0101312","268435456","2.64959e+10","18446744073530809057"
"15","512","8","B","512","1","16","1211,1136,683,1066","9920512,9306112,5595136,8732672","1211,1136,683,1066","9920512,9306112,5595136,8732672","fused","8","1","8","2","4","0,2,4,6","true,true,true,true","0,0,0,0","true","true","true","avx2","0","0","0.024284","268435456","1.1054e+10","18446744073530809057"
"16","512","8","A","512","1","16","1211,1136,683,1066","620032,581632,349696,545792","1211,1136,683,1066","620032,581632,349696,545792","legacy","8","1","8","2","4","0,2,4,6","true,true,true,true","0,0,0,0","true","true","true","avx2","0","0","0.0033469","268435456","8.02042e+10","81541731"
"16","512","8","A","512","1","16","1211,1136,683,1066","620032,581632,349696,545792","1211,1136,683,1066","620032,581632,349696,545792","repeat","8","1","8","2","4","0,2,4,6","true,true,true,true","0,0,0,0","true","true","true","avx2","0","0","0.0090472","268435456","2.96706e+10","81541731"
"16","512","8","A","512","1","16","1211,1136,683,1066","620032,581632,349696,545792","1211,1136,683,1066","620032,581632,349696,545792","fused","8","1","8","2","4","0,2,4,6","true,true,true,true","0,0,0,0","true","true","true","avx2","0","0","0.013624","268435456","1.97031e+10","81541731"
"17","512","9","A","512","1","16","1211,1136,683,1066","620032,581632,349696,545792","1211,1136,683,1066","620032,581632,349696,545792","legacy","8","1","8","2","4","0,2,4,6","true,true,true,true","0,0,0,0","true","true","true","avx2","0","0","0.0050465","268435456","5.31924e+10","81541731"
"17","512","9","A","512","1","16","1211,1136,683,1066","620032,581632,349696,545792","1211,1136,683,1066","620032,581632,349696,545792","repeat","8","1","8","2","4","0,2,4,6","true,true,true,true","0,0,0,0","true","true","true","avx2","0","0","0.0093769","268435456","2.86273e+10","81541731"
"17","512","9","A","512","1","16","1211,1136,683,1066","620032,581632,349696,545792","1211,1136,683,1066","620032,581632,349696,545792","fused","8","1","8","2","4","0,2,4,6","true,true,true,true","0,0,0,0","true","true","true","avx2","0","0","0.0144804","268435456","1.85378e+10","81541731"
"18","512","9","B","512","1","16","1211,1136,683,1066","9920512,9306112,5595136,8732672","1211,1136,683,1066","9920512,9306112,5595136,8732672","legacy","8","1","8","2","4","0,2,4,6","true,true,true,true","0,0,0,0","true","true","true","avx2","0","0","0.0079652","268435456","3.3701e+10","18446744073530809057"
"18","512","9","B","512","1","16","1211,1136,683,1066","9920512,9306112,5595136,8732672","1211,1136,683,1066","9920512,9306112,5595136,8732672","repeat","8","1","8","2","4","0,2,4,6","true,true,true,true","0,0,0,0","true","true","true","avx2","0","0","0.0086975","268435456","3.08635e+10","18446744073530809057"
"18","512","9","B","512","1","16","1211,1136,683,1066","9920512,9306112,5595136,8732672","1211,1136,683,1066","9920512,9306112,5595136,8732672","fused","8","1","8","2","4","0,2,4,6","true,true,true,true","0,0,0,0","true","true","true","avx2","0","0","0.0134612","268435456","1.99414e+10","18446744073530809057"
"19","512","10","B","512","1","16","1211,1136,683,1066","9920512,9306112,5595136,8732672","1211,1136,683,1066","9920512,9306112,5595136,8732672","legacy","8","1","8","2","4","0,2,4,6","true,true,true,true","0,0,0,0","true","true","true","avx2","0","0","0.0077336","268435456","3.47103e+10","18446744073530809057"
"19","512","10","B","512","1","16","1211,1136,683,1066","9920512,9306112,5595136,8732672","1211,1136,683,1066","9920512,9306112,5595136,8732672","repeat","8","1","8","2","4","0,2,4,6","true,true,true,true","0,0,0,0","true","true","true","avx2","0","0","0.0103422","268435456","2.59554e+10","18446744073530809057"
"19","512","10","B","512","1","16","1211,1136,683,1066","9920512,9306112,5595136,8732672","1211,1136,683,1066","9920512,9306112,5595136,8732672","fused","8","1","8","2","4","0,2,4,6","true,true,true,true","0,0,0,0","true","true","true","avx2","0","0","0.0155315","268435456","1.72833e+10","18446744073530809057"
"20","512","10","A","512","1","16","1211,1136,683,1066","620032,581632,349696,545792","1211,1136,683,1066","620032,581632,349696,545792","legacy","8","1","8","2","4","0,2,4,6","true,true,true,true","0,0,0,0","true","true","true","avx2","0","0","0.0028807","268435456","9.31841e+10","81541731"
"20","512","10","A","512","1","16","1211,1136,683,1066","620032,581632,349696,545792","1211,1136,683,1066","620032,581632,349696,545792","repeat","8","1","8","2","4","0,2,4,6","true,true,true,true","0,0,0,0","true","true","true","avx2","0","0","0.0078026","268435456","3.44033e+10","81541731"
"20","512","10","A","512","1","16","1211,1136,683,1066","620032,581632,349696,545792","1211,1136,683,1066","620032,581632,349696,545792","fused","8","1","8","2","4","0,2,4,6","true,true,true,true","0,0,0,0","true","true","true","avx2","0","0","0.0142348","268435456","1.88577e+10","81541731"
"21","768","1","A","512","1","16","1816,1705,1023,1600","929792,872960,523776,819200","1816,1705,1023,1600","929792,872960,523776,819200","legacy","8","1","8","2","4","0,2,4,6","true,true,true,true","0,0,0,0","true","true","true","avx2","0","0","0.0072072","402653184","5.58682e+10","18446744073656903484"
"21","768","1","A","512","1","16","1816,1705,1023,1600","929792,872960,523776,819200","1816,1705,1023,1600","929792,872960,523776,819200","repeat","8","1","8","2","4","0,2,4,6","true,true,true,true","0,0,0,0","true","true","true","avx2","0","0","0.0185773","402653184","2.16745e+10","18446744073656903484"
"21","768","1","A","512","1","16","1816,1705,1023,1600","929792,872960,523776,819200","1816,1705,1023,1600","929792,872960,523776,819200","fused","8","1","8","2","4","0,2,4,6","true,true,true,true","0,0,0,0","true","true","true","avx2","0","0","0.0193082","402653184","2.0854e+10","18446744073656903484"
"22","768","1","B","512","1","16","1816,1705,1023,1600","14876672,13967360,8380416,13107200","1816,1705,1023,1600","14876672,13967360,8380416,13107200","legacy","8","1","8","2","4","0,2,4,6","true,true,true,true","0,0,0,0","true","true","true","avx2","0","0","0.0115785","402653184","3.47759e+10","18446744072675525801"
"22","768","1","B","512","1","16","1816,1705,1023,1600","14876672,13967360,8380416,13107200","1816,1705,1023,1600","14876672,13967360,8380416,13107200","repeat","8","1","8","2","4","0,2,4,6","true,true,true,true","0,0,0,0","true","true","true","avx2","0","0","0.0132629","402653184","3.03594e+10","18446744072675525801"
"22","768","1","B","512","1","16","1816,1705,1023,1600","14876672,13967360,8380416,13107200","1816,1705,1023,1600","14876672,13967360,8380416,13107200","fused","8","1","8","2","4","0,2,4,6","true,true,true,true","0,0,0,0","true","true","true","avx2","0","0","0.0336635","402653184","1.19611e+10","18446744072675525801"
"23","768","2","B","512","1","16","1816,1705,1023,1600","14876672,13967360,8380416,13107200","1816,1705,1023,1600","14876672,13967360,8380416,13107200","legacy","8","1","8","2","4","0,2,4,6","true,true,true,true","0,0,0,0","true","true","true","avx2","0","0","0.0116114","402653184","3.46774e+10","18446744072675525801"
"23","768","2","B","512","1","16","1816,1705,1023,1600","14876672,13967360,8380416,13107200","1816,1705,1023,1600","14876672,13967360,8380416,13107200","repeat","8","1","8","2","4","0,2,4,6","true,true,true,true","0,0,0,0","true","true","true","avx2","0","0","0.0201998","402653184","1.99335e+10","18446744072675525801"
"23","768","2","B","512","1","16","1816,1705,1023,1600","14876672,13967360,8380416,13107200","1816,1705,1023,1600","14876672,13967360,8380416,13107200","fused","8","1","8","2","4","0,2,4,6","true,true,true,true","0,0,0,0","true","true","true","avx2","0","0","0.018648","402653184","2.15923e+10","18446744072675525801"
"24","768","2","A","512","1","16","1816,1705,1023,1600","929792,872960,523776,819200","1816,1705,1023,1600","929792,872960,523776,819200","legacy","8","1","8","2","4","0,2,4,6","true,true,true,true","0,0,0,0","true","true","true","avx2","0","0","0.0067316","402653184","5.98154e+10","18446744073656903484"
"24","768","2","A","512","1","16","1816,1705,1023,1600","929792,872960,523776,819200","1816,1705,1023,1600","929792,872960,523776,819200","repeat","8","1","8","2","4","0,2,4,6","true,true,true,true","0,0,0,0","true","true","true","avx2","0","0","0.0157767","402653184","2.5522e+10","18446744073656903484"
"24","768","2","A","512","1","16","1816,1705,1023,1600","929792,872960,523776,819200","1816,1705,1023,1600","929792,872960,523776,819200","fused","8","1","8","2","4","0,2,4,6","true,true,true,true","0,0,0,0","true","true","true","avx2","0","0","0.0196701","402653184","2.04703e+10","18446744073656903484"
"25","768","3","A","512","1","16","1816,1705,1023,1600","929792,872960,523776,819200","1816,1705,1023,1600","929792,872960,523776,819200","legacy","8","1","8","2","4","0,2,4,6","true,true,true,true","0,0,0,0","true","true","true","avx2","0","0","0.0067502","402653184","5.96506e+10","18446744073656903484"
"25","768","3","A","512","1","16","1816,1705,1023,1600","929792,872960,523776,819200","1816,1705,1023,1600","929792,872960,523776,819200","repeat","8","1","8","2","4","0,2,4,6","true,true,true,true","0,0,0,0","true","true","true","avx2","0","0","0.0141174","402653184","2.85218e+10","18446744073656903484"
"25","768","3","A","512","1","16","1816,1705,1023,1600","929792,872960,523776,819200","1816,1705,1023,1600","929792,872960,523776,819200","fused","8","1","8","2","4","0,2,4,6","true,true,true,true","0,0,0,0","true","true","true","avx2","0","0","0.0197735","402653184","2.03633e+10","18446744073656903484"
"26","768","3","B","512","1","16","1816,1705,1023,1600","14876672,13967360,8380416,13107200","1816,1705,1023,1600","14876672,13967360,8380416,13107200","legacy","8","1","8","2","4","0,2,4,6","true,true,true,true","0,0,0,0","true","true","true","avx2","0","0","0.0113521","402653184","3.54695e+10","18446744072675525801"
"26","768","3","B","512","1","16","1816,1705,1023,1600","14876672,13967360,8380416,13107200","1816,1705,1023,1600","14876672,13967360,8380416,13107200","repeat","8","1","8","2","4","0,2,4,6","true,true,true,true","0,0,0,0","true","true","true","avx2","0","0","0.015935","402653184","2.52685e+10","18446744072675525801"
"26","768","3","B","512","1","16","1816,1705,1023,1600","14876672,13967360,8380416,13107200","1816,1705,1023,1600","14876672,13967360,8380416,13107200","fused","8","1","8","2","4","0,2,4,6","true,true,true,true","0,0,0,0","true","true","true","avx2","0","0","0.0220528","402653184","1.82586e+10","18446744072675525801"
"27","768","4","B","512","1","16","1816,1705,1023,1600","14876672,13967360,8380416,13107200","1816,1705,1023,1600","14876672,13967360,8380416,13107200","legacy","8","1","8","2","4","0,2,4,6","true,true,true,true","0,0,0,0","true","true","true","avx2","0","0","0.0118394","402653184","3.40096e+10","18446744072675525801"
"27","768","4","B","512","1","16","1816,1705,1023,1600","14876672,13967360,8380416,13107200","1816,1705,1023,1600","14876672,13967360,8380416,13107200","repeat","8","1","8","2","4","0,2,4,6","true,true,true,true","0,0,0,0","true","true","true","avx2","0","0","0.0134561","402653184","2.99235e+10","18446744072675525801"
"27","768","4","B","512","1","16","1816,1705,1023,1600","14876672,13967360,8380416,13107200","1816,1705,1023,1600","14876672,13967360,8380416,13107200","fused","8","1","8","2","4","0,2,4,6","true,true,true,true","0,0,0,0","true","true","true","avx2","0","0","0.0361806","402653184","1.1129e+10","18446744072675525801"
"28","768","4","A","512","1","16","1816,1705,1023,1600","929792,872960,523776,819200","1816,1705,1023,1600","929792,872960,523776,819200","legacy","8","1","8","2","4","0,2,4,6","true,true,true,true","0,0,0,0","true","true","true","avx2","0","0","0.0066602","402653184","6.04566e+10","18446744073656903484"
"28","768","4","A","512","1","16","1816,1705,1023,1600","929792,872960,523776,819200","1816,1705,1023,1600","929792,872960,523776,819200","repeat","8","1","8","2","4","0,2,4,6","true,true,true,true","0,0,0,0","true","true","true","avx2","0","0","0.0154918","402653184","2.59914e+10","18446744073656903484"
"28","768","4","A","512","1","16","1816,1705,1023,1600","929792,872960,523776,819200","1816,1705,1023,1600","929792,872960,523776,819200","fused","8","1","8","2","4","0,2,4,6","true,true,true,true","0,0,0,0","true","true","true","avx2","0","0","0.0226735","402653184","1.77588e+10","18446744073656903484"
"29","768","5","A","512","1","16","1816,1705,1023,1600","929792,872960,523776,819200","1816,1705,1023,1600","929792,872960,523776,819200","legacy","8","1","8","2","4","0,2,4,6","true,true,true,true","0,0,0,0","true","true","true","avx2","0","0","0.0101975","402653184","3.94855e+10","18446744073656903484"
"29","768","5","A","512","1","16","1816,1705,1023,1600","929792,872960,523776,819200","1816,1705,1023,1600","929792,872960,523776,819200","repeat","8","1","8","2","4","0,2,4,6","true,true,true,true","0,0,0,0","true","true","true","avx2","0","0","0.0146003","402653184","2.75784e+10","18446744073656903484"
"29","768","5","A","512","1","16","1816,1705,1023,1600","929792,872960,523776,819200","1816,1705,1023,1600","929792,872960,523776,819200","fused","8","1","8","2","4","0,2,4,6","true,true,true,true","0,0,0,0","true","true","true","avx2","0","0","0.0202701","402653184","1.98644e+10","18446744073656903484"
"30","768","5","B","512","1","16","1816,1705,1023,1600","14876672,13967360,8380416,13107200","1816,1705,1023,1600","14876672,13967360,8380416,13107200","legacy","8","1","8","2","4","0,2,4,6","true,true,true,true","0,0,0,0","true","true","true","avx2","0","0","0.0137513","402653184","2.92811e+10","18446744072675525801"
"30","768","5","B","512","1","16","1816,1705,1023,1600","14876672,13967360,8380416,13107200","1816,1705,1023,1600","14876672,13967360,8380416,13107200","repeat","8","1","8","2","4","0,2,4,6","true,true,true,true","0,0,0,0","true","true","true","avx2","0","0","0.0152369","402653184","2.64262e+10","18446744072675525801"
"30","768","5","B","512","1","16","1816,1705,1023,1600","14876672,13967360,8380416,13107200","1816,1705,1023,1600","14876672,13967360,8380416,13107200","fused","8","1","8","2","4","0,2,4,6","true,true,true,true","0,0,0,0","true","true","true","avx2","0","0","0.0370987","402653184","1.08536e+10","18446744072675525801"
"31","768","6","B","512","1","16","1816,1705,1023,1600","14876672,13967360,8380416,13107200","1816,1705,1023,1600","14876672,13967360,8380416,13107200","legacy","8","1","8","2","4","0,2,4,6","true,true,true,true","0,0,0,0","true","true","true","avx2","0","0","0.0119813","402653184","3.36068e+10","18446744072675525801"
"31","768","6","B","512","1","16","1816,1705,1023,1600","14876672,13967360,8380416,13107200","1816,1705,1023,1600","14876672,13967360,8380416,13107200","repeat","8","1","8","2","4","0,2,4,6","true,true,true,true","0,0,0,0","true","true","true","avx2","0","0","0.0146604","402653184","2.74654e+10","18446744072675525801"
"31","768","6","B","512","1","16","1816,1705,1023,1600","14876672,13967360,8380416,13107200","1816,1705,1023,1600","14876672,13967360,8380416,13107200","fused","8","1","8","2","4","0,2,4,6","true,true,true,true","0,0,0,0","true","true","true","avx2","0","0","0.0221365","402653184","1.81896e+10","18446744072675525801"
"32","768","6","A","512","1","16","1816,1705,1023,1600","929792,872960,523776,819200","1816,1705,1023,1600","929792,872960,523776,819200","legacy","8","1","8","2","4","0,2,4,6","true,true,true,true","0,0,0,0","true","true","true","avx2","0","0","0.0041413","402653184","9.72287e+10","18446744073656903484"
"32","768","6","A","512","1","16","1816,1705,1023,1600","929792,872960,523776,819200","1816,1705,1023,1600","929792,872960,523776,819200","repeat","8","1","8","2","4","0,2,4,6","true,true,true,true","0,0,0,0","true","true","true","avx2","0","0","0.0138551","402653184","2.90617e+10","18446744073656903484"
"32","768","6","A","512","1","16","1816,1705,1023,1600","929792,872960,523776,819200","1816,1705,1023,1600","929792,872960,523776,819200","fused","8","1","8","2","4","0,2,4,6","true,true,true,true","0,0,0,0","true","true","true","avx2","0","0","0.0220883","402653184","1.82293e+10","18446744073656903484"
"33","768","7","A","512","1","16","1816,1705,1023,1600","929792,872960,523776,819200","1816,1705,1023,1600","929792,872960,523776,819200","legacy","8","1","8","2","4","0,2,4,6","true,true,true,true","0,0,0,0","true","true","true","avx2","0","0","0.0067323","402653184","5.98092e+10","18446744073656903484"
"33","768","7","A","512","1","16","1816,1705,1023,1600","929792,872960,523776,819200","1816,1705,1023,1600","929792,872960,523776,819200","repeat","8","1","8","2","4","0,2,4,6","true,true,true,true","0,0,0,0","true","true","true","avx2","0","0","0.0147472","402653184","2.73037e+10","18446744073656903484"
"33","768","7","A","512","1","16","1816,1705,1023,1600","929792,872960,523776,819200","1816,1705,1023,1600","929792,872960,523776,819200","fused","8","1","8","2","4","0,2,4,6","true,true,true,true","0,0,0,0","true","true","true","avx2","0","0","0.0189481","402653184","2.12503e+10","18446744073656903484"
"34","768","7","B","512","1","16","1816,1705,1023,1600","14876672,13967360,8380416,13107200","1816,1705,1023,1600","14876672,13967360,8380416,13107200","legacy","8","1","8","2","4","0,2,4,6","true,true,true,true","0,0,0,0","true","true","true","avx2","0","0","0.0249083","402653184","1.61654e+10","18446744072675525801"
"34","768","7","B","512","1","16","1816,1705,1023,1600","14876672,13967360,8380416,13107200","1816,1705,1023,1600","14876672,13967360,8380416,13107200","repeat","8","1","8","2","4","0,2,4,6","true,true,true,true","0,0,0,0","true","true","true","avx2","0","0","0.0150406","402653184","2.67711e+10","18446744072675525801"
"34","768","7","B","512","1","16","1816,1705,1023,1600","14876672,13967360,8380416,13107200","1816,1705,1023,1600","14876672,13967360,8380416,13107200","fused","8","1","8","2","4","0,2,4,6","true,true,true,true","0,0,0,0","true","true","true","avx2","0","0","0.0243663","402653184","1.6525e+10","18446744072675525801"
"35","768","8","B","512","1","16","1816,1705,1023,1600","14876672,13967360,8380416,13107200","1816,1705,1023,1600","14876672,13967360,8380416,13107200","legacy","8","1","8","2","4","0,2,4,6","true,true,true,true","0,0,0,0","true","true","true","avx2","0","0","0.0125562","402653184","3.20681e+10","18446744072675525801"
"35","768","8","B","512","1","16","1816,1705,1023,1600","14876672,13967360,8380416,13107200","1816,1705,1023,1600","14876672,13967360,8380416,13107200","repeat","8","1","8","2","4","0,2,4,6","true,true,true,true","0,0,0,0","true","true","true","avx2","0","0","0.0131832","402653184","3.05429e+10","18446744072675525801"
"35","768","8","B","512","1","16","1816,1705,1023,1600","14876672,13967360,8380416,13107200","1816,1705,1023,1600","14876672,13967360,8380416,13107200","fused","8","1","8","2","4","0,2,4,6","true,true,true,true","0,0,0,0","true","true","true","avx2","0","0","0.018179","402653184","2.21494e+10","18446744072675525801"
"36","768","8","A","512","1","16","1816,1705,1023,1600","929792,872960,523776,819200","1816,1705,1023,1600","929792,872960,523776,819200","legacy","8","1","8","2","4","0,2,4,6","true,true,true,true","0,0,0,0","true","true","true","avx2","0","0","0.0056835","402653184","7.0846e+10","18446744073656903484"
"36","768","8","A","512","1","16","1816,1705,1023,1600","929792,872960,523776,819200","1816,1705,1023,1600","929792,872960,523776,819200","repeat","8","1","8","2","4","0,2,4,6","true,true,true,true","0,0,0,0","true","true","true","avx2","0","0","0.0127056","402653184","3.1691e+10","18446744073656903484"
"36","768","8","A","512","1","16","1816,1705,1023,1600","929792,872960,523776,819200","1816,1705,1023,1600","929792,872960,523776,819200","fused","8","1","8","2","4","0,2,4,6","true,true,true,true","0,0,0,0","true","true","true","avx2","0","0","0.0200978","402653184","2.00347e+10","18446744073656903484"
"37","768","9","A","512","1","16","1816,1705,1023,1600","929792,872960,523776,819200","1816,1705,1023,1600","929792,872960,523776,819200","legacy","8","1","8","2","4","0,2,4,6","true,true,true,true","0,0,0,0","true","true","true","avx2","0","0","0.0058454","402653184","6.88838e+10","18446744073656903484"
"37","768","9","A","512","1","16","1816,1705,1023,1600","929792,872960,523776,819200","1816,1705,1023,1600","929792,872960,523776,819200","repeat","8","1","8","2","4","0,2,4,6","true,true,true,true","0,0,0,0","true","true","true","avx2","0","0","0.0117276","402653184","3.43338e+10","18446744073656903484"
"37","768","9","A","512","1","16","1816,1705,1023,1600","929792,872960,523776,819200","1816,1705,1023,1600","929792,872960,523776,819200","fused","8","1","8","2","4","0,2,4,6","true,true,true,true","0,0,0,0","true","true","true","avx2","0","0","0.0197388","402653184","2.03991e+10","18446744073656903484"
"38","768","9","B","512","1","16","1816,1705,1023,1600","14876672,13967360,8380416,13107200","1816,1705,1023,1600","14876672,13967360,8380416,13107200","legacy","8","1","8","2","4","0,2,4,6","true,true,true,true","0,0,0,0","true","true","true","avx2","0","0","0.0155635","402653184","2.58716e+10","18446744072675525801"
"38","768","9","B","512","1","16","1816,1705,1023,1600","14876672,13967360,8380416,13107200","1816,1705,1023,1600","14876672,13967360,8380416,13107200","repeat","8","1","8","2","4","0,2,4,6","true,true,true,true","0,0,0,0","true","true","true","avx2","0","0","0.0145877","402653184","2.76022e+10","18446744072675525801"
"38","768","9","B","512","1","16","1816,1705,1023,1600","14876672,13967360,8380416,13107200","1816,1705,1023,1600","14876672,13967360,8380416,13107200","fused","8","1","8","2","4","0,2,4,6","true,true,true,true","0,0,0,0","true","true","true","avx2","0","0","0.0192653","402653184","2.09004e+10","18446744072675525801"
"39","768","10","B","512","1","16","1816,1705,1023,1600","14876672,13967360,8380416,13107200","1816,1705,1023,1600","14876672,13967360,8380416,13107200","legacy","8","1","8","2","4","0,2,4,6","true,true,true,true","0,0,0,0","true","true","true","avx2","0","0","0.0098097","402653184","4.10464e+10","18446744072675525801"
"39","768","10","B","512","1","16","1816,1705,1023,1600","14876672,13967360,8380416,13107200","1816,1705,1023,1600","14876672,13967360,8380416,13107200","repeat","8","1","8","2","4","0,2,4,6","true,true,true,true","0,0,0,0","true","true","true","avx2","0","0","0.0142702","402653184","2.82164e+10","18446744072675525801"
"39","768","10","B","512","1","16","1816,1705,1023,1600","14876672,13967360,8380416,13107200","1816,1705,1023,1600","14876672,13967360,8380416,13107200","fused","8","1","8","2","4","0,2,4,6","true,true,true,true","0,0,0,0","true","true","true","avx2","0","0","0.0243042","402653184","1.65672e+10","18446744072675525801"
"40","768","10","A","512","1","16","1816,1705,1023,1600","929792,872960,523776,819200","1816,1705,1023,1600","929792,872960,523776,819200","legacy","8","1","8","2","4","0,2,4,6","true,true,true,true","0,0,0,0","true","true","true","avx2","0","0","0.0070833","402653184","5.68454e+10","18446744073656903484"
"40","768","10","A","512","1","16","1816,1705,1023,1600","929792,872960,523776,819200","1816,1705,1023,1600","929792,872960,523776,819200","repeat","8","1","8","2","4","0,2,4,6","true,true,true,true","0,0,0,0","true","true","true","avx2","0","0","0.014644","402653184","2.74961e+10","18446744073656903484"
"40","768","10","A","512","1","16","1816,1705,1023,1600","929792,872960,523776,819200","1816,1705,1023,1600","929792,872960,523776,819200","fused","8","1","8","2","4","0,2,4,6","true,true,true,true","0,0,0,0","true","true","true","avx2","0","0","0.0188308","402653184","2.13827e+10","18446744073656903484"
