"campaign","target_kib","S","R","mode","variant","tile","n","mean","median","min","max","population_sd","checksum","checksum_deterministic","checksum_values"
"pilot","512","8","16","repeat","A","4","10","39524700000","40979350000","33898100000","43478700000","3380048644.62037","18446744072342836291","True","18446744072342836291"
"pilot","512","8","16","fused","B","2","10","62550590000","62729300000","58129600000","65878600000","2540396132.27937","18446744070745722834","True","18446744070745722834"
"pilot","512","8","16","fused","B","4","10","104853660000","98728650000","82845000000","131555000000","16734593357.1868","18446744070745722834","True","18446744070745722834"
"pilot","512","8","16","fused","A","2","10","57691710000","61516650000","34431500000","68679900000","10898911500.0949","18446744072342836291","True","18446744072342836291"
"pilot","512","8","16","repeat","A","2","10","36449240000","39199250000","18371400000","45061300000","8460128552.94765","18446744072342836291","True","18446744072342836291"
"pilot","512","8","16","repeat","B","8","10","38892250000","39197400000","25680200000","49427400000","7057161799.93771","18446744070745722834","True","18446744070745722834"
"pilot","512","8","16","fused","B","8","10","102495560000","104368000000","82553300000","127359000000","13054840175.2147","18446744070745722834","True","18446744070745722834"
"pilot","512","8","16","repeat","B","2","10","38098320000","37746000000","32959000000","42792400000","2809602411.65899","18446744070745722834","True","18446744070745722834"
"pilot","512","8","16","repeat","B","4","10","38392820000","38302250000","28366600000","45869900000","4239151288.83129","18446744070745722834","True","18446744070745722834"
"pilot","512","8","16","repeat","A","8","10","34103460000","34959900000","23701600000","45053500000","7111252048.71828","18446744072342836291","True","18446744072342836291"
"pilot","512","8","16","fused","A","4","10","101602830000","99086600000","85323600000","118942000000","8458480802.13581","18446744072342836291","True","18446744072342836291"
"pilot","512","8","16","fused","A","8","10","104780680000","106955000000","88066800000","120197000000","9595264923.99246","18446744072342836291","True","18446744072342836291"
"main","768","2","16","fused","B","","10","54009640000","52595550000","45207900000","66532800000","6889838687.40045","18446744072268557640","True","18446744072268557640"
"main","384","2","1","fused","B","","10","50765330000","48348300000","35930600000","63824100000","8793484629.20701","521725446","True","521725446"
"main","768","8","8","fused","B","","10","106800920000","104948000000","89789300000","130107000000","11011296684.0241","18446744071271597766","True","18446744071271597766"
"main","384","16","1","fused","B","","10","103423340000","109006000000","33833000000","133338000000","28623550687.1946","18446744058463905399","True","18446744058463905399"
"main","768","16","16","fused","A","","10","102240930000","106483000000","45569700000","118568000000","19993134859.7487","18446744072594158984","True","18446744072594158984"
"main","512","4","8","repeat","A","","10","40605790000","38935350000","26177200000","55267200000","7262624001.75722","1471357870","True","1471357870"
"main","640","16","8","repeat","B","","10","40393470000","39566150000","33501000000","46162400000","3491962790.19408","6282555463","True","6282555463"
"main","384","1","2","fused","B","","10","38171950000","37698000000","27503600000","51181300000","7303667996.59596","297514844","True","297514844"
"main","512","8","8","repeat","B","","10","39879570000","37890400000","35385600000","46331300000","3679228958.64066","18446744066388976517","True","18446744066388976517"
"main","640","16","1","repeat","B","","10","43103530000","40722150000","36051700000","55314700000","6314749659.81234","18446744064341133394","True","18446744064341133394"
"main","640","8","4","fused","B","","10","105155790000","103162000000","74691600000","131966000000","18418186399.2875","5611313121","True","5611313121"
"main","640","2","16","repeat","A","","10","38149540000","37157900000","18702000000","52983100000","10075660807.8279","1137017487","True","1137017487"
"main","640","16","1","repeat","A","","10","43850380000","46380550000","12935200000","56542200000","11616556370.0952","18446744064341133394","True","18446744064341133394"
"main","512","4","1","repeat","A","","10","38206470000","37359500000","29407900000","55251800000","7019134881.3155","1471357870","True","1471357870"
"main","512","1","4","repeat","B","","10","35175030000","33321850000","25793200000","50141100000","7568940937.54866","18446744073404312357","True","18446744073404312357"
"main","384","4","4","repeat","A","","10","39661990000","40002100000","31894800000","48088300000","4439897768.74423","1603313223","True","1603313223"
"main","640","2","2","repeat","B","","10","35176680000","37256900000","12684300000","54270600000","9922207387.14929","413752535","True","413752535"
"main","512","16","1","repeat","B","","10","43724520000","42762100000","33723900000","56097000000","5976621708.42358","18446744061803098170","True","18446744061803098170"
"main","640","16","4","fused","A","","10","119779400000","116043000000","109325000000","135781000000","7960997000.37627","18446744064341133394","True","18446744064341133394"
"main","640","2","2","repeat","A","","10","34594770000","37616250000","17129000000","41201400000","6576962971.01481","1137017487","True","1137017487"
"main","640","4","8","repeat","A","","10","36571730000","39133450000","12980700000","46225200000","9446016977.54667","2920336307","True","2920336307"
"main","640","1","1","repeat","B","","10","37678600000","34989600000","29554000000","49625000000","6444733381.14154","158409371","True","158409371"
"main","384","2","1","repeat","B","","10","42436900000","46532800000","27588100000","52472500000","9233957073.64941","521725446","True","521725446"
"main","512","8","8","fused","B","","10","108708710000","105692500000","92238700000","128958000000","10557113588.5194","18446744066388976517","True","18446744066388976517"
"main","640","1","1","repeat","A","","10","42527680000","39086400000","34150000000","51768700000","7162204672.27794","158409371","True","158409371"
"main","640","4","16","repeat","B","","10","38657160000","38332500000","35932700000","43526900000","2418465198.09569","18446744072471115389","True","18446744072471115389"
"main","384","16","16","fused","A","","10","101274060000","101502500000","93782600000","109780000000","4990940549.67598","18446744058463905399","True","18446744058463905399"
"main","384","1","2","repeat","B","","10","31322970000","33758300000","17746200000","35961500000","5801667382.92536","297514844","True","297514844"
"main","768","8","2","fused","B","","10","94021480000","89184200000","57336000000","123544000000","19467088893.453","2441539021","True","2441539021"
"main","384","1","4","fused","B","","10","34597090000","32390250000","14309700000","51134500000","10566920198.5678","18446744073440685294","True","18446744073440685294"
"main","768","8","2","fused","A","","10","102292940000","101165050000","84653300000","129200000000","15709145724.8445","5665126491","True","5665126491"
"main","640","16","2","fused","A","","10","95339570000","95680100000","18734200000","135145000000","31983133111.2213","18446744064341133394","True","18446744064341133394"
"main","512","16","2","repeat","A","","10","39213700000","37066750000","30569900000","52608600000","6625210519.52314","18446744061803098170","True","18446744061803098170"
"main","640","16","2","fused","B","","10","96013100000","105627000000","19429300000","132018000000","30653142081.3593","7219042041","True","7219042041"
"main","640","4","16","fused","B","","10","95797060000","97010600000","71241600000","113112000000","10757039605.3189","18446744072471115389","True","18446744072471115389"
"main","384","1","8","repeat","A","","10","33287730000","33357050000","12522300000","49371400000","10029056139.2436","169863235","True","169863235"
"main","768","1","4","fused","A","","10","42601110000","39807350000","33141300000","55486300000","8329063065.12923","18446744073656903484","True","18446744073656903484"
"main","640","8","16","repeat","A","","10","41659350000","40450000000","37725200000","50382900000","3414751979.3537","4048733537","True","4048733537"
"main","640","16","2","repeat","B","","10","40489520000","40193650000","18747000000","53055500000","9100477306.1417","7219042041","True","7219042041"
"main","640","16","16","fused","B","","10","97939160000","103055500000","62169900000","115929000000","17579949362.6233","18446744038591392343","True","18446744038591392343"
"main","384","8","4","fused","A","","10","112832630000","116338500000","76189400000","130902000000","18850826273.9886","18446744072594251943","True","18446744072594251943"
"main","768","2","8","fused","A","","10","53178780000","57667700000","15430500000","62432700000","13132654301.6863","1144888752","True","1144888752"
"main","640","2","1","fused","A","","10","50956410000","50652800000","33874200000","69998400000","8885324859.72798","1137017487","True","1137017487"
"main","640","2","1","fused","B","","10","51461700000","49343000000","46608600000","68244500000","5886270718.03532","1137017487","True","1137017487"
"main","640","4","8","fused","A","","10","109657940000","101464000000","88656900000","134438000000","18380524019.69","2920336307","True","2920336307"
"main","640","1","2","fused","A","","10","29854038300","34080350000","947683000","38657200000","10641927975.8877","158409371","True","158409371"
"main","640","8","1","repeat","A","","10","35952260000","34041450000","29133700000","46590400000","5609954741.92083","4048733537","True","4048733537"
"main","640","1","2","fused","B","","10","30936202800","31464350000","693828000","51596800000","13080730527.4067","622906971","True","622906971"
"main","768","4","1","repeat","A","","10","47706120000","52277050000","32494000000","55085500000","7620763536.91676","3595600930","True","3595600930"
"main","384","1","4","fused","A","","10","33887420000","33716350000","20546000000","43479300000","6985049002.5196","169863235","True","169863235"
"main","640","4","4","fused","A","","10","88188500000","92081200000","71390900000","101425000000","9988341856.68472","2920336307","True","2920336307"
"main","768","2","4","repeat","B","","10","33202680000","32226850000","24273800000","43451200000","4890887646.38895","601834841","True","601834841"
"main","384","2","4","fused","B","","10","44935990000","47573800000","18841600000","65536000000","13745456574.4067","18446744073690630151","True","18446744073690630151"
"main","768","1","16","repeat","B","","10","32220350000","32313450000","17015600000","39411700000","6235751444.25273","18446744072675525801","True","18446744072675525801"
"main","768","8","4","repeat","A","","10","40944020000","41617700000","19905100000","55877500000","8714845514.8442","5665126491","True","5665126491"
"main","384","2","4","fused","A","","10","41447874000","44594450000","3513640000","65255600000","18794630748.6496","521725446","True","521725446"
"main","512","4","4","repeat","B","","10","41767220000","41110350000","33368400000","52707800000","5659812168.75613","1695278401","True","1695278401"
"main","512","16","16","fused","B","","10","105281440000","104652000000","98926400000","113437000000","4032875602.14793","18446744061171816081","True","18446744061171816081"
"main","512","1","16","fused","A","","10","34658800000","34008200000","20188400000","49472100000","8718859184.66401","81541731","True","81541731"
"main","768","4","1","fused","A","","10","103146670000","100776150000","75806400000","138179000000","15802998384.8034","3595600930","True","3595600930"
"main","384","16","2","fused","B","","10","113534940000","112763500000","84774400000","134919000000","14228471816.4812","5428362669","True","5428362669"
"main","512","2","2","fused","B","","10","55404670000","56617400000","34832800000","68096300000","10025890624.8822","1102025959","True","1102025959"
"main","640","8","8","fused","B","","10","104261480000","104653000000","76824000000","130490000000","17087150549.8606","18446744065691327075","True","18446744065691327075"
"main","512","2","1","fused","A","","10","55987200000","53416400000","46942400000","69399000000","7262953935.55542","201861269","True","201861269"
"main","512","2","8","fused","B","","10","47462720000","47549900000","18465700000","67248400000","12654454537.4979","18446744073179169522","True","18446744073179169522"
"main","640","16","2","repeat","A","","10","41093030000","41875750000","33652000000","48402000000","5034220964.36976","18446744064341133394","True","18446744064341133394"
"main","384","2","16","repeat","A","","10","36368440000","32926900000","27411000000","52248500000","7706854313.68726","521725446","True","521725446"
"main","768","16","1","fused","B","","10","113502570000","108247500000","93416500000","137923000000","15887391310.2214","18446744072594158984","True","18446744072594158984"
"main","768","8","8","fused","A","","10","94659490000","104093000000","40265700000","114872000000","26659620014.0381","5665126491","True","5665126491"
"main","512","2","16","fused","A","","10","49754680000","50768250000","17843700000","67387700000","13232932970.4189","201861269","True","201861269"
"main","768","16","1","fused","A","","10","99268890000","111590000000","24979100000","136312000000","38755087347.249","18446744072594158984","True","18446744072594158984"
"main","768","16","1","repeat","A","","10","40397920000","38844550000","34913700000","55732100000","5755495435.28618","18446744072594158984","True","18446744072594158984"
"main","768","1","8","fused","B","","10","29951750000","30208250000","21764100000","37958200000","4271376873.6205","18446744072251431697","True","18446744072251431697"
"main","512","2","16","repeat","B","","10","32302620000","34348500000","14599000000","45034200000","8733214528.88912","18446744073452478056","True","18446744073452478056"
"main","512","1","8","repeat","B","","10","32456170000","32813250000","16354300000","42618300000","8277077194.28181","18446744072899154372","True","18446744072899154372"
"main","768","1","1","repeat","A","","10","33980957000","36840150000","6917870000","43188300000","9547988906.19595","18446744073656903484","True","18446744073656903484"
"main","384","4","2","repeat","B","","10","34416740000","34919950000","17251900000","45781000000","7092906201.15619","18446744072929194411","True","18446744072929194411"
"main","512","2","2","repeat","A","","10","38011160000","36617500000","31558400000","52717100000","5498697763.32542","201861269","True","201861269"
"main","768","1","4","repeat","A","","10","36134130000","33447650000","25693200000","51241200000","7114586720.96279","18446744073656903484","True","18446744073656903484"
"main","768","16","2","fused","B","","10","95633440000","96425400000","40639000000","133814000000","23841675967.1043","7691493228","True","7691493228"
"main","768","8","1","repeat","A","","10","44496520000","42028150000","37598100000","53747300000","5213215419.45084","5665126491","True","5665126491"
"main","512","1","2","fused","B","","10","38080290000","35890850000","25505000000","53244100000","8873946675.68495","764099066","True","764099066"
"main","384","16","1","fused","A","","10","101359080000","101206000000","74828700000","135073000000","19967194069.1125","18446744058463905399","True","18446744058463905399"
"main","640","1","4","repeat","B","","10","32231970000","34839800000","12464900000","42012400000","8211769157.50193","18446744073337532149","True","18446744073337532149"
"main","768","2","16","repeat","A","","10","35982960000","37432150000","16736200000","49507700000","9641940194.91928","1144888752","True","1144888752"
"main","768","2","2","repeat","A","","10","39758170000","37258650000","31772000000","54447900000","7648773013.24206","1144888752","True","1144888752"
"main","384","4","4","fused","A","","10","75805951000","83998400000","7303310000","134487000000","34801045582.1547","1603313223","True","1603313223"
"main","512","1","1","repeat","A","","10","31171960000","31173250000","27934100000","35076800000","2217603915.58096","81541731","True","81541731"
"main","768","8","8","repeat","A","","10","40756800000","40497650000","38276700000","44509500000","1906755947.67658","5665126491","True","5665126491"
"main","640","16","4","fused","B","","10","114563400000","109045000000","102129000000","134970000000","11815083827.0408","9428267675","True","9428267675"
"main","640","4","8","fused","B","","10","102492500000","99760550000","69651100000","127545000000","19635598969.5756","2865704319","True","2865704319"
"main","768","16","16","repeat","B","","10","36095630000","37742700000","26227900000","43770200000","5022053540.94319","18446744037214545642","True","18446744037214545642"
"main","768","16","1","repeat","B","","10","38380590000","41131550000","11108000000","45059700000","9362690133.76498","18446744072594158984","True","18446744072594158984"
"main","640","8","1","fused","A","","10","93682080000","85622750000","77986400000","133907000000","17098571010.5728","4048733537","True","4048733537"
"main","512","16","1","fused","A","","10","103953400000","107725000000","81690600000","111783000000","9355355248.8401","18446744061803098170","True","18446744061803098170"
"main","384","4","1","repeat","A","","10","36544270000","38444400000","11530200000","46354400000","8818828891.64429","1603313223","True","1603313223"
"main","640","8","1","fused","B","","10","90468150000","86766650000","77639900000","110275000000","11858506849.7893","4048733537","True","4048733537"
"main","384","4","2","fused","B","","10","67855234000","75780700000","3063510000","112310000000","34519024903.0262","18446744072929194411","True","18446744072929194411"
"main","512","1","8","fused","B","","10","36853110000","38376300000","17319500000","49122600000","9964813444.86188","18446744072899154372","True","18446744072899154372"
"main","384","4","1","repeat","B","","10","38356380000","37921800000","30815900000","54625200000","5985509187.99729","1603313223","True","1603313223"
"main","384","8","1","repeat","B","","10","37453420000","38868050000","32152600000","40599900000","2751298431.94082","18446744072594251943","True","18446744072594251943"
"main","640","16","8","repeat","A","","10","39708120000","39565800000","33042900000","47641400000","3943402731.34764","18446744064341133394","True","18446744064341133394"
"main","384","8","4","fused","B","","10","118129390000","125858000000","88612100000","132160000000","14805832669.3537","4497000739","True","4497000739"
"main","512","4","4","fused","B","","10","101304640000","95181250000","81395900000","136324000000","15188670378.4894","1695278401","True","1695278401"
"main","512","8","4","fused","B","","10","97815210000","98219650000","79700600000","116012000000","11836811668.3886","4597141022","True","4597141022"
"main","512","2","4","fused","A","","10","48304290000","49925700000","33510000000","52791700000","5431870989.16202","201861269","True","201861269"
"main","768","1","2","fused","B","","10","36277120000","33022350000","26008500000","54738100000","9101044799.45022","759319643","True","759319643"
"main","512","4","1","repeat","B","","10","36866350000","38298700000","28670400000","40079400000","3586181006.93481","1471357870","True","1471357870"
"main","640","8","2","fused","A","","10","109220700000","107191000000","101080000000","132668000000","8738265640.84659","4048733537","True","4048733537"
"main","384","4","1","fused","A","","10","83681090000","79003200000","70305400000","123392000000","14828584769.4546","1603313223","True","1603313223"
"main","384","16","8","fused","B","","10","110943800000","111015500000","73331000000","129884000000","15654422664.538","13987789087","True","13987789087"
"main","384","2","16","fused","A","","10","45668130000","44490450000","26871700000","55514600000","8365190350.5001","521725446","True","521725446"
"main","640","2","1","repeat","B","","10","38570180000","36680300000","28138400000","52415700000","7766226536.84529","1137017487","True","1137017487"
"main","384","1","16","repeat","A","","10","33004063000","34398200000","5179230000","48786300000","10880498939.4476","169863235","True","169863235"
"main","640","2","2","fused","A","","10","54659110000","55373700000","34967100000","69841000000","10763341053.0792","1137017487","True","1137017487"
"main","640","1","2","repeat","B","","10","36404540000","34263650000","28297800000","48833400000","7827097525.16219","622906971","True","622906971"
"main","512","2","4","repeat","B","","10","38610930000","37237450000","31522800000","50589000000","4958477978.9871","531791669","True","531791669"
"main","640","1","1","fused","A","","10","36079740000","36453950000","29692100000","39862200000","3207617248.73776","158409371","True","158409371"
"main","384","4","8","fused","B","","10","98555110000","100441800000","48289600000","135218000000","25785686298.9702","1114216643","True","1114216643"
"main","384","4","16","repeat","A","","10","36095120000","37341950000","14370000000","44894600000","8091475707.65679","1603313223","True","1603313223"
"main","768","4","16","fused","B","","10","99724920000","98728550000","77067600000","126086000000","12043279176.52","18446744069074957738","True","18446744069074957738"
"main","384","4","16","repeat","B","","10","33326470000","33935250000","20513300000","38296900000","4570796357.32112","18446744072667894661","True","18446744072667894661"
"main","768","4","8","fused","A","","10","102265380000","101750600000","73043000000","123521000000","14014996757.3881","3595600930","True","3595600930"
"main","768","4","1","repeat","B","","10","44003970000","44196950000","32191700000","55248800000","8676873448.20126","3595600930","True","3595600930"
"main","768","2","2","fused","A","","10","51094000000","52584200000","15447000000","68190800000","12953138457.9954","1144888752","True","1144888752"
"main","512","16","4","repeat","A","","10","40001600000","39795650000","29367500000","50009400000","5561917049.90285","18446744061803098170","True","18446744061803098170"
"main","640","1","8","repeat","B","","10","35858810000","34472450000","27022100000","45063700000","5798090006.62287","18446744072702920639","True","18446744072702920639"
"main","640","4","1","fused","B","","10","97104780000","95997950000","77665100000","142083000000","16415406150.1262","2920336307","True","2920336307"
"main","640","2","4","repeat","A","","10","41006240000","38526650000","36238200000","47847400000","4520581400.92621","1137017487","True","1137017487"
"main","512","8","16","fused","B","","10","101125670000","100224400000","79843400000","126585000000","13551256291.8757","18446744070745722834","True","18446744070745722834"
"main","768","1","8","repeat","A","","10","35008050000","33783800000","28941200000","51001000000","5797315725.96318","18446744073656903484","True","18446744073656903484"
"main","640","8","4","fused","A","","10","96264010000","102670850000","30188700000","114481000000","23301571174.9852","4048733537","True","4048733537"
"main","768","16","8","repeat","A","","10","39163790000","40774000000","30438800000","44160900000","4118094111.95276","18446744072594158984","True","18446744072594158984"
"main","768","2","8","repeat","B","","10","35774240000","34149500000","12398800000","49078900000","9887303996.25702","18446744073683068726","True","18446744073683068726"
"main","512","8","1","fused","B","","10","104636280000","105850500000","75624100000","132810000000","13323351336.3418","18446744072342836291","True","18446744072342836291"
"main","512","1","16","repeat","B","","10","32694890000","33342800000","25091200000","37940300000","4513514889.40715","18446744073530809057","True","18446744073530809057"
"main","384","1","8","fused","B","","10","39540970000","35038450000","22418900000","50876000000","9475469602.2994","18446744073191227399","True","18446744073191227399"
"main","512","4","8","fused","A","","10","91609720000","92534450000","70283000000","124098000000","13625650467.9813","1471357870","True","1471357870"
"main","768","8","2","repeat","B","","10","38762590000","39474350000","31810900000","51742900000","5974931178.75846","2441539021","True","2441539021"
"main","768","4","2","repeat","B","","10","47399950000","50799750000","12874200000","54520200000","11937540022.9067","18446744068979287379","True","18446744068979287379"
"main","384","1","16","fused","A","","10","34752550000","33155450000","29234100000","51069600000","5883288947.05164","169863235","True","169863235"
"main","384","16","4","fused","B","","10","99661290000","103536000000","35608800000","129978000000","24203375844.3094","977067540","True","977067540"
"main","384","16","2","repeat","B","","10","38981280000","40624450000","14634300000","56346700000","11168194050.4094","5428362669","True","5428362669"
"main","512","4","2","fused","B","","10","82927360000","78535850000","72510900000","105833000000","11671145729.636","18446744073165617266","True","18446744073165617266"
"main","384","8","4","repeat","A","","10","43610160000","43668650000","30949300000","52874200000","6993863511.27901","18446744072594251943","True","18446744072594251943"
"main","768","1","4","repeat","B","","10","34921070000","30935800000","26558100000","49156800000","7997056333.55799","18446744073105302100","True","18446744073105302100"
"main","640","16","1","fused","A","","10","114433300000","110396000000","104629000000","137767000000","9562093348.73907","18446744064341133394","True","18446744064341133394"
"main","512","1","2","fused","A","","10","38746730000","36788300000","24840400000","54163700000","10420389885.8008","81541731","True","81541731"
"main","768","1","4","fused","B","","10","41976640000","39397250000","29623400000","54628200000","10273527161.1263","18446744073105302100","True","18446744073105302100"
"main","384","2","8","fused","B","","10","51896600000","51305750000","37453300000","63799800000","7282911772.22407","18446744073440170581","True","18446744073440170581"
"main","512","2","8","repeat","B","","10","33369716000","35942150000","8209260000","46059600000","10132056652.2846","18446744073179169522","True","18446744073179169522"
"main","512","1","1","fused","A","","10","31528460000","29810300000","22525800000","46955500000","6764063649.93707","81541731","True","81541731"
"main","512","4","16","repeat","B","","10","35035990000","36225650000","22182900000","44513900000","5921896318.65503","18446744072407598779","True","18446744072407598779"
"main","640","1","16","repeat","B","","10","28921570000","30151600000","19430800000","36069600000","5289512326.86908","18446744073327863979","True","18446744073327863979"
"main","384","2","4","repeat","B","","10","33523980000","31431200000","10173100000","50031500000","11320078168.2637","18446744073690630151","True","18446744073690630151"
"main","640","1","16","repeat","A","","10","34429120000","35099000000","26720000000","45776200000","4905149760.16023","158409371","True","158409371"
"main","640","8","8","repeat","B","","10","35496380000","36271500000","15625500000","49029100000","10827270157.7822","18446744065691327075","True","18446744065691327075"
"main","384","1","1","repeat","A","","10","33159850000","32500300000","22199900000","49056200000","6642488298.55951","169863235","True","169863235"
"main","512","4","1","fused","B","","10","96058030000","89894350000","80485600000","142150000000","17852903021.8085","1471357870","True","1471357870"
"main","384","16","16","repeat","B","","10","36883690000","37415800000","27562400000","43019200000","4299633715.2018","18446744059826859969","True","18446744059826859969"
"main","512","16","8","fused","A","","10","106099150000","109855500000","31408500000","135110000000","26078224609.8637","18446744061803098170","True","18446744061803098170"
"main","512","1","8","fused","A","","10","40179910000","36429850000","28944300000","54897000000","7849593023.13821","81541731","True","81541731"
"main","384","4","16","fused","B","","10","89916590000","93244550000","43589200000","129333000000","21473981423.0361","18446744072667894661","True","18446744072667894661"
"main","384","2","2","repeat","A","","10","38855730000","39749650000","24209500000","51165600000","9753075703.49477","521725446","True","521725446"
"main","512","1","16","fused","B","","10","29488070000","29117250000","25767000000","37104900000","3082190431.83577","18446744073530809057","True","18446744073530809057"
"main","768","4","1","fused","B","","10","100636060000","93106550000","79531700000","144860000000","19459855230.2015","3595600930","True","3595600930"
"main","512","4","2","fused","A","","10","90464450000","77166650000","54637800000","139912000000","27564207332.7078","1471357870","True","1471357870"
"main","768","2","4","fused","B","","10","50841750000","49689300000","37147200000","68926200000","10406749939.078","601834841","True","601834841"
"main","512","1","8","repeat","A","","10","30848820000","32354100000","4715800000","45109100000","10058408054.9359","81541731","True","81541731"
"main","512","8","8","fused","A","","10","112342300000","109083000000","100476000000","134035000000","10321367613.3543","18446744072342836291","True","18446744072342836291"
"main","512","8","2","fused","A","","10","115857650000","121454500000","86810500000","134144000000","15258457041.9981","18446744072342836291","True","18446744072342836291"
"main","640","4","2","repeat","B","","10","41960560000","40069900000","35671200000","55379500000","4943272863.64004","18446744070066467631","True","18446744070066467631"
"main","640","8","2","repeat","B","","10","40283160000","40267950000","27314400000","55809600000","6976018315.3716","18446744071634675036","True","18446744071634675036"
"main","768","8","4","fused","B","","10","105572170000","107027000000","84625700000","115029000000","7780802461.19255","5514443761","True","5514443761"
"main","640","8","2","repeat","A","","10","41654630000","40714600000","10268500000","55085800000","11826682687.4699","4048733537","True","4048733537"
"main","384","1","4","repeat","A","","10","36337790000","33876700000","28489100000","49509800000","6814345787.007","169863235","True","169863235"
"main","384","1","4","repeat","B","","10","33440860000","32086250000","23942400000","46911800000","7405390744.61301","18446744073440685294","True","18446744073440685294"
"main","384","4","8","repeat","A","","10","41973260000","38158000000","35551500000","53783900000","6838822685.11182","1603313223","True","1603313223"
"main","768","1","2","fused","A","","10","39478370000","40212000000","31130400000","55880600000","7443398187.25963","18446744073656903484","True","18446744073656903484"
"main","768","2","1","fused","B","","10","51627710000","51477000000","35206800000","69788800000","8379433589.02617","1144888752","True","1144888752"
"main","640","8","2","fused","B","","10","110264780000","108492500000","86980400000","134535000000","16148111218.5172","18446744071634675036","True","18446744071634675036"
"main","384","8","2","repeat","A","","10","41455450000","39556200000","32159300000","54431700000","6394593867.98724","18446744072594251943","True","18446744072594251943"
"main","768","4","2","fused","A","","10","118943160000","121043000000","96712600000","141461000000","16181501438.0743","3595600930","True","3595600930"
"main","384","8","2","fused","B","","10","104219620000","105109500000","57686700000","131758000000","20753448459.897","1996624744","True","1996624744"
"main","768","1","2","repeat","A","","10","36592440000","34307250000","28285700000","48173500000","6177848293.73464","18446744073656903484","True","18446744073656903484"
"main","640","2","1","repeat","A","","10","38192130000","37477250000","28445600000","54663200000","7286710271.04138","1137017487","True","1137017487"
"main","640","1","16","fused","A","","10","37494330000","37649550000","25574400000","53573900000","7469514694.0146","158409371","True","158409371"
"main","640","2","2","fused","B","","10","52100840000","52727200000","42638000000","55199100000","3352558100.37649","413752535","True","413752535"
"main","384","2","8","repeat","A","","10","37234100000","35217450000","30277400000","52961200000","7747239274.34799","521725446","True","521725446"
"main","768","1","1","fused","B","","10","36907220000","38445150000","25443200000","43904100000","5636783339.95551","18446744073656903484","True","18446744073656903484"
"main","640","1","2","repeat","A","","10","34957450000","34494050000","12936200000","50796900000","10781841295.9244","158409371","True","158409371"
"main","768","1","1","fused","A","","10","38435730000","37346950000","31544000000","55492400000","6012724283.55899","18446744073656903484","True","18446744073656903484"
"main","640","1","1","fused","B","","10","36626530000","35996900000","32398500000","43249200000","3271572727.9246","158409371","True","158409371"
"main","512","8","16","repeat","A","","10","38648890000","40787450000","22084100000","47645100000","7081818738.77749","18446744072342836291","True","18446744072342836291"
"main","640","1","4","fused","B","","10","41163600000","39568100000","31722200000","53230600000","7737259147.91536","18446744073337532149","True","18446744073337532149"
"main","768","4","16","repeat","A","","10","36688250000","40429300000","20232600000","44928800000","7913577803.4022","3595600930","True","3595600930"
"main","768","8","1","fused","B","","10","122348970000","131165000000","97546700000","135674000000","14398040857.2868","5665126491","True","5665126491"
"main","768","4","4","repeat","A","","10","38147315000","40036300000","6029450000","52982800000","12113588180.3876","3595600930","True","3595600930"
"main","512","4","2","repeat","A","","10","34557790000","34846250000","27070900000","42686000000","4733143891.84398","1471357870","True","1471357870"
"main","384","8","8","fused","A","","10","103083250000","100183350000","66991100000","129211000000","16389973946.4253","18446744072594251943","True","18446744072594251943"
"main","512","4","2","repeat","B","","10","36620180000","34985050000","28504800000","53738700000","7583018882.1867","18446744073165617266","True","18446744073165617266"
"main","512","8","2","repeat","B","","10","41915290000","42370450000","9888400000","56191000000","12859459097.8353","2965375300","True","2965375300"
"main","640","4","1","repeat","A","","10","40363340000","38446600000","31709000000","55144700000","7135280163.69364","2920336307","True","2920336307"
"main","384","8","8","fused","B","","10","112499130000","109295000000","97973900000","130096000000","13269031021.0693","931578939","True","931578939"
"main","640","1","8","repeat","A","","10","36544980000","34763900000","29793300000","48669100000","6274719179.97929","158409371","True","158409371"
"main","512","16","1","fused","B","","10","96047770000","102022000000","47264800000","136685000000","23317367949.2798","18446744061803098170","True","18446744061803098170"
"main","384","8","2","repeat","B","","10","38826900000","38474050000","29431100000","51933800000","5297668503.78542","1996624744","True","1996624744"
"main","384","16","2","fused","A","","10","105320880000","107980000000","66979400000","135615000000","18305524227.8827","18446744058463905399","True","18446744058463905399"
"main","512","8","8","repeat","A","","10","42029280000","40306600000","36682500000","53618500000","5117296157.11266","18446744072342836291","True","18446744072342836291"
"main","512","4","1","fused","A","","10","102513660000","102768500000","59924000000","143242000000","27548341392.4396","1471357870","True","1471357870"
"main","640","4","2","fused","B","","10","105558100000","97897750000","82573200000","142108000000","16654661265.6637","18446744070066467631","True","18446744070066467631"
"main","512","8","1","repeat","A","","10","45112890000","46033050000","33556900000","56297000000","6470323496.3099","18446744072342836291","True","18446744072342836291"
"main","512","16","1","repeat","A","","10","42533470000","41819450000","37460100000","51208600000","4603752254.8569","18446744061803098170","True","18446744061803098170"
"main","384","16","8","repeat","A","","10","39209850000","41023450000","28254900000","48256300000","5911138341.00506","18446744058463905399","True","18446744058463905399"
"main","384","4","2","fused","A","","10","83499060000","84741800000","59801200000","127406000000","19325240592.0444","1603313223","True","1603313223"
"main","640","4","8","repeat","B","","10","37290390000","36904400000","25996200000","53172800000","7288667021.26665","2865704319","True","2865704319"
"main","640","16","16","fused","A","","10","107466350000","110032000000","89108500000","116329000000","7946623434.04417","18446744064341133394","True","18446744064341133394"
"main","768","16","8","repeat","B","","10","35455360000","36708500000","26709000000","42204100000","5714617760.13059","14676624383","True","14676624383"
"main","768","4","16","repeat","B","","10","35581980000","37453100000","22993800000","43281600000","6485800837.49108","18446744069074957738","True","18446744069074957738"
"main","640","8","8","repeat","A","","10","40069890000","38800300000","23431700000","52545000000","7572446681.28472","4048733537","True","4048733537"
"main","512","2","16","repeat","A","","10","35376430000","36544650000","24598800000","43839100000","6041980823.04967","201861269","True","201861269"
"main","768","1","8","fused","A","","10","29585879000","31588250000","2181290000","39469600000","9531966340.09841","18446744073656903484","True","18446744073656903484"
"main","384","1","8","repeat","B","","10","37096230000","33814350000","30290200000","47391000000","5988419073.68715","18446744073191227399","True","18446744073191227399"
"main","512","16","2","fused","A","","10","99021840000","98476650000","78762800000","131402000000","14360351048.5085","18446744061803098170","True","18446744061803098170"
"main","384","8","4","repeat","B","","10","34900744000","38077450000","8309240000","41325700000","9162037884.23864","4497000739","True","4497000739"
"main","640","1","8","fused","A","","10","34346898000","37380400000","5199480000","53864600000","14180327283.4458","158409371","True","158409371"
"main","640","1","8","fused","B","","10","34078470000","35089050000","27114300000","42108300000","4321280033.98299","18446744072702920639","True","18446744072702920639"
"main","640","16","1","fused","B","","10","111619080000","109707000000","84532800000","135930000000","13936599690.6563","18446744064341133394","True","18446744064341133394"
"main","768","16","16","fused","B","","10","97165990000","99792900000","75085800000","120164000000","14397782745.7876","18446744037214545642","True","18446744037214545642"
"main","512","16","4","repeat","B","","10","42189380000","41141250000","35705500000","48423000000","3801215332.44303","2094193841","True","2094193841"
"main","768","4","16","fused","A","","10","92530560000","95062450000","20722000000","131853000000","28094036816.0291","3595600930","True","3595600930"
"main","640","2","8","fused","A","","10","60318810000","58358450000","56653900000","68826800000","3907543763.14585","1137017487","True","1137017487"
"main","384","4","8","fused","A","","10","106000280000","112674000000","54222800000","134847000000","24210896211.4912","1603313223","True","1603313223"
"main","768","16","2","repeat","A","","10","36902970000","36480750000","31882700000","43156600000","3465780268.00604","18446744072594158984","True","18446744072594158984"
"main","768","16","2","repeat","B","","10","39446500000","40043200000","31503700000","46720400000","4093977564.17888","7691493228","True","7691493228"
"main","384","2","2","fused","B","","10","50390480000","47040450000","39031900000","65070000000","9015631470.26319","338473985","True","338473985"
"main","768","8","1","repeat","B","","10","46700830000","43618950000","38786000000","56561900000","8123550569.55393","5665126491","True","5665126491"
"main","384","16","1","repeat","B","","10","41699990000","40396200000","18586800000","55320100000","9652503967.72257","18446744058463905399","True","18446744058463905399"
"main","512","2","1","repeat","B","","10","35254330000","35332500000","25586700000","43667900000","4292362872.13698","201861269","True","201861269"
"main","384","8","16","repeat","A","","10","36348550000","37720650000","19690700000","48688700000","7921973907.71391","18446744072594251943","True","18446744072594251943"
"main","384","16","4","repeat","A","","10","38935240000","38144150000","35815700000","43805000000","2714719258.48696","18446744058463905399","True","18446744058463905399"
"main","384","1","1","fused","B","","10","36659510000","35444900000","28295300000","52276300000","8211225469.25244","169863235","True","169863235"
"main","640","16","4","repeat","A","","10","43464010000","45753650000","22277100000","53237100000","8349676786.493","18446744064341133394","True","18446744064341133394"
"main","640","8","16","fused","A","","10","103465090000","103590500000","58375800000","129472000000","17842628827.5271","4048733537","True","4048733537"
"main","768","8","4","fused","A","","10","109716010000","107491500000","80331400000","134770000000","18369732061.5435","5665126491","True","5665126491"
"main","640","8","16","fused","B","","10","105182670000","108821500000","49164100000","123643000000","20311308730.5594","18446744069991997871","True","18446744069991997871"
"main","768","2","16","fused","A","","10","59184610000","58831050000","45160700000","67837600000","6545875499.19031","1144888752","True","1144888752"
"main","512","1","2","repeat","B","","10","28310348000","30968550000","1404920000","49629400000","12914447657.2131","764099066","True","764099066"
"main","768","4","2","repeat","A","","10","50435400000","54117000000","33303000000","55280600000","7419003073.59419","3595600930","True","3595600930"
"main","512","4","4","repeat","A","","10","43616720000","43488000000","33914300000","53777400000","5772997014.34186","1471357870","True","1471357870"
"main","384","2","16","repeat","B","","10","32110270000","31234500000","26845900000","37238600000","2966183207.77729","72529168","True","72529168"
"main","640","16","8","fused","A","","10","99974680000","106651000000","56859900000","125852000000","19542390412.6286","18446744064341133394","True","18446744064341133394"
"main","384","8","1","fused","B","","10","106460290000","100055750000","83137800000","133630000000","17658738465.3859","18446744072594251943","True","18446744072594251943"
"main","640","16","8","fused","B","","10","105516740000","106121000000","76867600000","122236000000","12516572637.6033","6282555463","True","6282555463"
"main","640","4","4","fused","B","","10","89501330000","92260900000","71637800000","114466000000","12274107177.8806","4137814736","True","4137814736"
"main","512","2","1","fused","B","","10","49191630000","49691900000","38212500000","58012500000","5291211083.49497","201861269","True","201861269"
"main","640","4","4","repeat","B","","10","35497830000","36784750000","13601300000","45375700000","8952353089.33355","4137814736","True","4137814736"
"main","512","1","1","fused","B","","10","38674850000","35181850000","29725800000","54383200000","8379407535.76886","81541731","True","81541731"
"main","640","4","4","repeat","A","","10","38212390000","39727250000","29114700000","48395400000","5824740763.92246","2920336307","True","2920336307"
"main","768","2","4","fused","A","","10","51282350000","50200900000","35222800000","70712900000","9631916902.90671","1144888752","True","1144888752"
"main","384","8","16","fused","A","","10","89786010000","91708100000","30718900000","131261000000","24817846413.154","18446744072594251943","True","18446744072594251943"
"main","768","4","8","repeat","A","","10","39486600000","39965350000","24993900000","46625800000","5706218495.99189","3595600930","True","3595600930"
"main","768","16","16","repeat","A","","10","40794240000","41455750000","31132200000","46640800000","4727272925.31328","18446744072594158984","True","18446744072594158984"
"main","384","4","8","repeat","B","","10","36034830000","39125850000","10420600000","50946800000","12500948672.0049","1114216643","True","1114216643"
"main","384","8","8","repeat","B","","10","41698880000","41545100000","17916500000","53674900000","9797668441.60385","931578939","True","931578939"
"main","768","2","1","fused","A","","10","57817490000","56118750000","45644000000","70601300000","8426437520.61926","1144888752","True","1144888752"
"main","640","2","4","fused","B","","10","49019615000","50625200000","6470050000","69061900000","15794468943.9381","751742462","True","751742462"
"main","512","16","2","fused","B","","10","91288610000","100641450000","14040600000","117911000000","29033959832.2189","15137874808","True","15137874808"
"main","512","1","1","repeat","B","","10","32610833000","34260550000","7623930000","50701800000","11465678963.8731","81541731","True","81541731"
"main","512","16","8","repeat","B","","10","36308360000","40461750000","16588600000","47615900000","11127056362.0573","18446744072221275363","True","18446744072221275363"
"main","640","1","16","fused","B","","10","29260290000","29332900000","20604400000","38701300000","5428753788.9372","18446744073327863979","True","18446744073327863979"
"main","384","16","16","repeat","A","","10","38965620000","39732950000","29033600000","45742200000","5491885742.94841","18446744058463905399","True","18446744058463905399"
"main","768","2","2","fused","B","","10","56750260000","52064100000","50116100000","69783900000","7353651609.80584","548704481","True","548704481"
"main","768","1","1","repeat","B","","10","36041950000","37555550000","20295000000","50901700000","7998821979.79803","18446744073656903484","True","18446744073656903484"
"main","384","4","4","fused","B","","10","100802150000","99409950000","66525700000","132243000000","21454345304.6813","691060441","True","691060441"
"main","512","2","4","fused","B","","10","57844710000","55666550000","49319400000","68041000000","7195059534.07614","531791669","True","531791669"
"main","768","16","2","fused","A","","10","101707410000","98809700000","78597100000","136474000000","19086746764.8864","18446744072594158984","True","18446744072594158984"
"main","384","2","1","fused","A","","10","46521266000","48809650000","1419460000","66593900000","17177933634.9982","521725446","True","521725446"
"main","384","8","2","fused","A","","10","102613810000","104572000000","82765300000","112178000000","7270961025.67604","18446744072594251943","True","18446744072594251943"
"main","384","4","1","fused","B","","10","79956330000","78646250000","45458500000","119553000000","18451467197.4914","1603313223","True","1603313223"
"main","384","1","8","fused","A","","10","36853490000","35374500000","27620600000","50945500000","6383738263.50204","169863235","True","169863235"
"main","768","8","1","fused","A","","10","99890500000","100120100000","41652300000","135218000000","27003983005.105","5665126491","True","5665126491"
"main","768","4","4","repeat","B","","10","38722060000","39315850000","29718500000","44611900000","4553957646.31161","3197443490","True","3197443490"
"main","384","16","8","repeat","B","","10","33983300000","36394100000","19319400000","43096500000","8064168078.10948","13987789087","True","13987789087"
"main","384","1","2","fused","A","","10","40250210000","36600950000","28368600000","52060000000","9170705456.44663","169863235","True","169863235"
"main","512","2","4","repeat","A","","10","37967280000","37325450000","28120200000","48422600000","5060442956.65903","201861269","True","201861269"
"main","768","2","4","repeat","A","","10","35403940000","36305350000","29221400000","46216100000","4989153433.03852","1144888752","True","1144888752"
"main","768","2","2","repeat","B","","10","39455800000","38417700000","18459800000","52825000000","10115771535.1821","548704481","True","548704481"
"main","384","2","8","fused","A","","10","56204400000","56796650000","44143800000","66948200000","9232561463.321","521725446","True","521725446"
"main","512","8","2","fused","B","","10","108328580000","104080500000","84421600000","132247000000","15850616848.6782","2965375300","True","2965375300"
"main","768","8","16","repeat","A","","10","37641050000","37336600000","27468600000","44597200000","5176426757.57129","5665126491","True","5665126491"
"main","768","8","16","repeat","B","","10","36804350000","38343500000","26691600000","41890800000","4630878850.12122","18446744066186286478","True","18446744066186286478"
"main","384","8","1","repeat","A","","10","41181770000","39409500000","35471100000","51709700000","5444632547.20647","18446744072594251943","True","18446744072594251943"
"main","768","8","16","fused","A","","10","94915070000","106031500000","51364600000","114755000000","20393084010.7645","5665126491","True","5665126491"
"main","768","2","8","fused","B","","10","56146260000","55955500000","48520600000","63919300000","5075434173.19149","18446744073683068726","True","18446744073683068726"
"main","512","16","16","repeat","A","","10","39048410000","38450100000","30284900000","48678500000","5387972448.23134","18446744061803098170","True","18446744061803098170"
"main","640","4","16","repeat","A","","10","39054820000","39020900000","18002700000","49649400000","8810120719.35453","2920336307","True","2920336307"
"main","512","4","16","fused","B","","10","109622210000","106267500000","92112100000","134176000000","13261564396.2128","18446744072407598779","True","18446744072407598779"
"main","640","8","4","repeat","B","","10","39809930000","41858550000","14260900000","51319800000","10137066898.0776","5611313121","True","5611313121"
"main","768","1","2","repeat","B","","10","38559620000","36539700000","21686300000","51238600000","8576528469.23509","759319643","True","759319643"
"main","512","4","16","fused","A","","10","110293240000","109808000000","78684900000","137523000000","18860343854.9884","1471357870","True","1471357870"
"main","768","16","4","fused","B","","10","109989550000","109442000000","99094500000","123170000000","7997307654.61102","1887658406","True","1887658406"
"main","512","16","2","repeat","B","","10","34404480000","34349850000","14898100000","49138400000","8473853099.48196","15137874808","True","15137874808"
"main","384","16","2","repeat","A","","10","45436130000","44536450000","29947700000","56190200000","8451703641.99432","18446744058463905399","True","18446744058463905399"
"main","384","2","8","repeat","B","","10","34419070000","32340200000","27937200000","44020200000","4650315720.90541","18446744073440170581","True","18446744073440170581"
"main","384","2","2","fused","A","","10","46627443000","45704600000","4395930000","66558600000","16980280387.8864","521725446","True","521725446"
"main","384","8","1","fused","A","","10","106328360000","104150000000","85824300000","133772000000","14828422625.7684","18446744072594251943","True","18446744072594251943"
"main","768","2","1","repeat","A","","10","37073840000","36340300000","30347700000","47304200000","5046934447.80096","1144888752","True","1144888752"
"main","384","2","2","repeat","B","","10","33796480000","33034550000","18985200000","48086000000","8499082701.18605","338473985","True","338473985"
"main","768","2","1","repeat","B","","10","42197630000","41149900000","33650900000","50681300000","6229618382.70211","1144888752","True","1144888752"
"main","768","16","8","fused","B","","10","99492800000","104322500000","61115800000","121174000000","17808911641.7596","14676624383","True","14676624383"
"main","384","1","1","fused","A","","10","36095600000","36466950000","28365400000","49774200000","5780809519.08987","169863235","True","169863235"
"main","384","1","1","repeat","B","","10","31367340000","32376200000","15071200000","44321600000","8446618879.19657","169863235","True","169863235"
"main","384","4","4","repeat","B","","10","38926103000","38647750000","6059330000","53824900000","13480301663.6602","691060441","True","691060441"
"main","768","2","8","repeat","A","","10","34080280000","37789950000","4639600000","52176700000","13981826514.2863","1144888752","True","1144888752"
"main","512","16","4","fused","B","","10","105172950000","100806500000","88344000000","135452000000","12543441311.3188","2094193841","True","2094193841"
"main","512","1","4","fused","B","","10","33961980000","35153750000","10209900000","51181300000","11634675312.7709","18446744073404312357","True","18446744073404312357"
"main","512","16","4","fused","A","","10","107679980000","107342500000","90732900000","131301000000","11919628347.4612","18446744061803098170","True","18446744061803098170"
"main","512","8","16","fused","A","","10","94748740000","98996050000","65385700000","113614000000","12983372320.0253","18446744072342836291","True","18446744072342836291"
"main","512","1","4","fused","A","","10","35007419000","35113350000","2217590000","53413600000","13678602268.6256","81541731","True","81541731"
"main","384","16","4","fused","A","","10","98334700000","96397300000","59499400000","126569000000","17469459438.9752","18446744058463905399","True","18446744058463905399"
"main","640","2","8","fused","B","","10","52183560000","50837400000","38681200000","63547700000","7873866018.31654","18446744073529038911","True","18446744073529038911"
"main","768","8","2","repeat","A","","10","37133210000","38550450000","31273300000","43079300000","4044233057.44118","5665126491","True","5665126491"
"main","640","4","1","repeat","B","","10","37071380000","38335450000","31634800000","39773400000","2925841883.56104","2920336307","True","2920336307"
"main","640","8","1","repeat","B","","10","36784990000","37069050000","29549800000","41033100000","3714082702.48523","4048733537","True","4048733537"
"main","512","1","4","repeat","A","","10","34678900000","30980050000","23498300000","50287600000","10190191934.2081","81541731","True","81541731"
"main","640","4","1","fused","A","","10","101875330000","96233400000","66534000000","144432000000","25387238561.5313","2920336307","True","2920336307"
"main","640","2","4","repeat","B","","10","36511510000","38036000000","17318400000","51824700000","9202898412.61436","751742462","True","751742462"
"main","768","4","4","fused","B","","10","97162160000","98723750000","72112300000","119149000000","12323229207.6549","3197443490","True","3197443490"
"main","512","8","1","fused","A","","10","110104950000","109794500000","82748300000","133457000000","18776442930.0254","18446744072342836291","True","18446744072342836291"
"main","768","2","16","repeat","B","","10","35072570000","35074300000","27659100000","44003600000","4837235439.39097","18446744072268557640","True","18446744072268557640"
"main","512","4","8","repeat","B","","10","39215590000","38423800000","29946800000","50625300000","4820330029.04365","1082147256","True","1082147256"
"main","512","8","4","fused","A","","10","106611450000","105175500000","83588300000","131864000000","14284812765.6788","18446744072342836291","True","18446744072342836291"
"main","768","8","8","repeat","B","","10","37927890000","37141100000","25843600000","45412400000","5368296109.83783","18446744071271597766","True","18446744071271597766"
"main","768","4","8","repeat","B","","10","38185510000","36964550000","34325600000","43724600000","2915801695.74338","6345042905","True","6345042905"
"main","512","4","8","fused","B","","10","79435280000","89757450000","16839100000","103848000000","24091711767.7346","1082147256","True","1082147256"
"main","768","16","4","repeat","B","","10","43759810000","44123550000","35849300000","54790800000","4645785523.55788","1887658406","True","1887658406"
"main","640","2","16","repeat","B","","10","32243770000","33398000000","21064200000","36715400000","4189745008.24334","18446744073527213635","True","18446744073527213635"
"main","512","1","16","repeat","A","","10","32579586000","34528100000","7763160000","50399100000","12729213736.5261","81541731","True","81541731"
"main","512","2","2","fused","A","","10","49648500000","48858900000","33156600000","68089400000","8806198483.00048","201861269","True","201861269"
"main","512","2","8","fused","A","","10","48992720000","45686150000","36751800000","68492400000","10093942675.07","201861269","True","201861269"
"main","512","4","16","repeat","A","","10","40343910000","41787300000","22414100000","47381800000","7256112938.26798","1471357870","True","1471357870"
"main","384","1","16","fused","B","","10","31996920000","31745250000","24983400000","41091300000","4296302555.40738","18446744073698793368","True","18446744073698793368"
"main","768","1","8","repeat","B","","10","31813440000","30889200000","26635800000","43071000000","4018552141.80431","18446744072251431697","True","18446744072251431697"
"main","384","2","4","repeat","A","","10","34463970000","32962450000","24415700000","51893600000","6966986310.02674","521725446","True","521725446"
"main","640","8","16","repeat","B","","10","37009710000","39538300000","25466800000","42976900000","5426541235.89787","18446744069991997871","True","18446744069991997871"
"main","768","16","4","repeat","A","","10","36278080000","35000050000","23815600000","47215600000","7989834186.61489","18446744072594158984","True","18446744072594158984"
"main","768","16","8","fused","A","","10","104139410000","107594500000","91171200000","113141000000","7994735328.75855","18446744072594158984","True","18446744072594158984"
"main","384","2","16","fused","B","","10","46048800000","43837400000","38562000000","57389100000","5967147410.27905","72529168","True","72529168"
"main","384","2","1","repeat","A","","10","37000260000","38020800000","18427100000","51738900000","9845949092.92141","521725446","True","521725446"
"main","640","2","16","fused","A","","10","56700580000","56438600000","46117500000","69250100000","6963101618.07222","1137017487","True","1137017487"
"main","512","8","1","repeat","B","","10","45769200000","46553950000","38080300000","55537600000","6261959176.48782","18446744072342836291","True","18446744072342836291"
"main","384","16","16","fused","B","","10","98343960000","99412600000","82087200000","114421000000","11484564631.1212","18446744059826859969","True","18446744059826859969"
"main","384","1","2","repeat","A","","10","33806960000","32909250000","23997200000","48913200000","5846496345.70997","169863235","True","169863235"
"main","512","8","16","repeat","B","","10","35090690000","37911900000","17239200000","42786100000","7392382216.91087","18446744070745722834","True","18446744070745722834"
"main","640","4","2","repeat","A","","10","37085960000","36390150000","21326900000","49582500000","7349181065.15277","2920336307","True","2920336307"
"main","512","2","8","repeat","A","","10","33697820000","30741450000","24953100000","51025600000","6989205667.57053","201861269","True","201861269"
"main","640","4","16","fused","A","","10","103832990000","102711000000","45948300000","138646000000","23371366381.8977","2920336307","True","2920336307"
"main","640","1","4","repeat","A","","10","36585350000","34679700000","27005100000","51044200000","8081758683.13946","158409371","True","158409371"
"main","384","16","1","repeat","A","","10","39509910000","40124300000","26112700000","53352700000","6387515028.46764","18446744058463905399","True","18446744058463905399"
"main","512","2","1","repeat","A","","10","37974100000","37311550000","31898900000","47153500000","4693169067.05906","201861269","True","201861269"
"main","768","16","4","fused","A","","10","110210550000","110276000000","76819500000","133974000000","15401339880.7539","18446744072594158984","True","18446744072594158984"
"main","512","8","4","repeat","A","","10","43562640000","42467100000","36578800000","55920600000","5284696891.44042","18446744072342836291","True","18446744072342836291"
"main","640","16","4","repeat","B","","10","41632860000","42747600000","20386300000","54262900000","8688525356.95212","9428267675","True","9428267675"
"main","512","8","4","repeat","B","","10","42531470000","42484650000","38017400000","47597500000","3138038519.53732","4597141022","True","4597141022"
"main","768","1","16","repeat","A","","10","36265850000","35934500000","27013700000","46804900000","6021955708.28116","18446744073656903484","True","18446744073656903484"
"main","512","16","8","fused","B","","10","112134600000","113959500000","100435000000","123522000000","7285182169.30778","18446744072221275363","True","18446744072221275363"
"main","768","1","16","fused","B","","10","27283976000","29750700000","8136360000","33544100000","6993703581.96457","18446744072675525801","True","18446744072675525801"
"main","384","16","8","fused","A","","10","105810070000","105569500000","91325800000","118210000000","7772930103.89904","18446744058463905399","True","18446744058463905399"
"main","768","1","16","fused","A","","10","42327160000","44757500000","23121100000","55062200000","10006374589.2506","18446744073656903484","True","18446744073656903484"
"main","640","8","8","fused","A","","10","97553180000","98674650000","85544600000","108135000000","7193203886.41946","4048733537","True","4048733537"
"main","640","2","8","repeat","B","","10","37648200000","37871300000","25811500000","48281800000","6748927524.28117","18446744073529038911","True","18446744073529038911"
"main","512","1","2","repeat","A","","10","31828784000","33489350000","1005540000","51290800000","13983249732.2155","81541731","True","81541731"
"main","384","16","4","repeat","B","","10","40132200000","39414550000","31107600000","53914200000","6396736923.15074","977067540","True","977067540"
"main","640","2","8","repeat","A","","10","37032570000","36753750000","21221900000","49279500000","6968588546.90819","1137017487","True","1137017487"
"main","640","8","4","repeat","A","","10","38469920000","40223100000","14960200000","47250400000","8465375834.75182","4048733537","True","4048733537"
"main","640","4","2","fused","A","","10","103937260000","99218400000","73205400000","143542000000","18045822725.9496","2920336307","True","2920336307"
"main","768","4","8","fused","B","","10","108409550000","106513500000","86694600000","141057000000","14438172892.6655","6345042905","True","6345042905"
"main","640","16","16","repeat","B","","10","38121180000","39246350000","27886700000","43368200000","4273416183.28943","18446744038591392343","True","18446744038591392343"
"main","768","8","4","repeat","B","","10","41820240000","41180800000","32322700000","49825600000","5085066903.43402","5514443761","True","5514443761"
"main","640","16","16","repeat","A","","10","37425910000","39768600000","24528000000","44464300000","6016392320.89298","18446744064341133394","True","18446744064341133394"
"main","512","4","4","fused","A","","10","109937670000","114130500000","69526700000","140985000000","27205978584.6439","1471357870","True","1471357870"
"main","384","8","16","repeat","B","","10","35898280000","37379100000","26682800000","40063700000","3963350833.01996","18446744070610013578","True","18446744070610013578"
"main","768","4","4","fused","A","","10","103866350000","100979000000","56691800000","139995000000","23581166344.0658","3595600930","True","3595600930"
"main","384","4","16","fused","A","","10","95508820000","92877950000","65135800000","134505000000","21797782595.521","1603313223","True","1603313223"
"main","512","16","16","fused","A","","10","106735330000","106413500000","93741800000","117809000000","7623473456.378","18446744061803098170","True","18446744061803098170"
"main","384","4","2","repeat","A","","10","39167215000","40260150000","5800250000","53727200000","13671555185.8238","1603313223","True","1603313223"
"main","512","2","2","repeat","B","","10","36037860000","36114050000","29618200000","51471700000","5921872360.69809","1102025959","True","1102025959"
"main","640","2","16","fused","B","","10","53646500000","51988150000","45118500000","63255900000","6382696640.13573","18446744073527213635","True","18446744073527213635"
"main","512","16","16","repeat","B","","10","34750280000","36595350000","24953300000","41347500000","5347507163.86617","18446744061171816081","True","18446744061171816081"
"main","384","1","16","repeat","B","","10","30632160000","29781950000","25016400000","38498200000","4041157624.04784","18446744073698793368","True","18446744073698793368"
"main","640","1","4","fused","A","","10","43275040000","42978200000","31671900000","54256600000","7037873454.41789","158409371","True","158409371"
"main","384","8","16","fused","B","","10","95063690000","96454850000","64072900000","126552000000","19096480025.6199","18446744070610013578","True","18446744070610013578"
"main","512","8","2","repeat","A","","10","42351210000","40865550000","34577900000","54672300000","6245392946.07633","18446744072342836291","True","18446744072342836291"
"main","384","8","8","repeat","A","","10","40974860000","40987750000","24855900000","51531000000","6618645170.15378","18446744072594251943","True","18446744072594251943"
"main","512","2","16","fused","B","","10","45409547000","51538700000","7392070000","66052000000","18581611949.0555","18446744073452478056","True","18446744073452478056"
"main","640","2","4","fused","A","","10","50018660000","50170800000","28867000000","69056300000","13491199237.2954","1137017487","True","1137017487"
"main","768","4","2","fused","B","","10","121976490000","127636500000","85329600000","142896000000","19245046847.0435","18446744068979287379","True","18446744068979287379"
"main","768","8","16","fused","B","","10","95227190000","101251000000","28509900000","133068000000","27934125946.9291","18446744066186286478","True","18446744066186286478"
"main","512","16","8","repeat","A","","10","34300550000","34652950000","19971600000","44050700000","7047494742.42443","18446744061803098170","True","18446744061803098170"
"control-C","512","1","16","repeat","C","","10","6728089000","6260930000","1030470000","13947800000","4902013540.04138","81541731","True","81541731"
"control-C","512","16","16","repeat","C","","10","27956810000","29020300000","14022200000","36954400000","7537957605.80411","18446744061803098170","True","18446744061803098170"
"control-C","768","16","16","fused","C","","10","58098190000","66837800000","24488700000","82237700000","19831587636.7199","18446744072594158984","True","18446744072594158984"
"control-C","768","8","16","fused","C","","10","42027730000","35503150000","20975700000","75592900000","16750331557.9752","5665126491","True","5665126491"
"control-C","512","8","16","fused","C","","10","38958938000","37870250000","7190080000","72947100000","20611741305.911","18446744072342836291","True","18446744072342836291"
"control-C","512","1","16","fused","C","","10","7031418000","4590770000","1709750000","20072600000","5811752962.63322","81541731","True","81541731"
"control-C","512","16","16","fused","C","","10","43206170000","41078750000","16273900000","70796200000","21514810694.08","18446744061803098170","True","18446744061803098170"
"control-C","768","1","16","fused","C","","10","8170195000","7629385000","1878550000","20425000000","5719249861.86169","18446744073656903484","True","18446744073656903484"
"control-C","768","8","16","repeat","C","","10","23056400000","24407350000","10341100000","31691300000","7272666222.6449","5665126491","True","5665126491"
"control-C","768","1","16","repeat","C","","10","6937854000","5849995000","2656210000","14113800000","4061130662.97601","18446744073656903484","True","18446744073656903484"
"control-C","768","16","16","repeat","C","","10","30071350000","34783850000","17085800000","39832700000","8553991816.01783","18446744072594158984","True","18446744072594158984"
"control-C","512","8","16","repeat","C","","10","21482876000","24371150000","7933050000","33658500000","8609064008.56005","18446744072342836291","True","18446744072342836291"
