"invocation","target_kib","sample","variant","compare_order","D","S","R","O_i","B_i","rows_per_worker","bytes_per_worker","mode","S_tile","iterations","timed_repetitions","warmup","worker_count","worker_list","affinity","affinity_error","affinity_succeeded","timed_repetitions_exact","avx2_supported","kernel_used","eviction_bytes","eviction_checksum","elapsed_seconds","mac_total","mac_per_second","checksum"
"1","512","1","A","0","512","1","16","1211,1136,683,1066","620032,581632,349696,545792","1211,1136,683,1066","620032,581632,349696,545792","legacy","8","1","8","2","4","0,2,4,6","true,true,true,true","0,0,0,0","true","true","true","avx2","0","0","0.00371","268435456","72354600000","81541731"
"1","512","1","A","0","512","1","16","1211,1136,683,1066","620032,581632,349696,545792","1211,1136,683,1066","620032,581632,349696,545792","repeat","8","1","8","2","4","0,2,4,6","true,true,true,true","0,0,0,0","true","true","true","avx2","0","0","0.0069151","268435456","38818700000","81541731"
"1","512","1","A","0","512","1","16","1211,1136,683,1066","620032,581632,349696,545792","1211,1136,683,1066","620032,581632,349696,545792","fused","8","1","8","2","4","0,2,4,6","true,true,true,true","0,0,0,0","true","true","true","avx2","0","0","0.0066958","268435456","40090100000","81541731"
"2","512","2","A","1","512","1","16","1211,1136,683,1066","620032,581632,349696,545792","1211,1136,683,1066","620032,581632,349696,545792","fused","8","1","8","2","4","0,2,4,6","true,true,true,true","0,0,0,0","true","true","true","avx2","0","0","0.007329","268435456","36626500000","81541731"
"2","512","2","A","1","512","1","16","1211,1136,683,1066","620032,581632,349696,545792","1211,1136,683,1066","620032,581632,349696,545792","repeat","8","1","8","2","4","0,2,4,6","true,true,true,true","0,0,0,0","true","true","true","avx2","0","0","0.0071155","268435456","37725500000","81541731"
"2","512","2","A","1","512","1","16","1211,1136,683,1066","620032,581632,349696,545792","1211,1136,683,1066","620032,581632,349696,545792","legacy","8","1","8","2","4","0,2,4,6","true,true,true,true","0,0,0,0","true","true","true","avx2","0","0","0.0028669","268435456","93632700000","81541731"
"3","512","3","A","2","512","1","16","1211,1136,683,1066","620032,581632,349696,545792","1211,1136,683,1066","620032,581632,349696,545792","repeat","8","1","8","2","4","0,2,4,6","true,true,true,true","0,0,0,0","true","true","true","avx2","0","0","0.0053999","268435456","49711200000","81541731"
"3","512","3","A","2","512","1","16","1211,1136,683,1066","620032,581632,349696,545792","1211,1136,683,1066","620032,581632,349696,545792","legacy","8","1","8","2","4","0,2,4,6","true,true,true,true","0,0,0,0","true","true","true","avx2","0","0","0.0032693","268435456","82107900000","81541731"
"3","512","3","A","2","512","1","16","1211,1136,683,1066","620032,581632,349696,545792","1211,1136,683,1066","620032,581632,349696,545792","fused","8","1","8","2","4","0,2,4,6","true,true,true,true","0,0,0,0","true","true","true","avx2","0","0","0.0059325","268435456","45248300000","81541731"
"4","512","4","A","0","512","1","16","1211,1136,683,1066","620032,581632,349696,545792","1211,1136,683,1066","620032,581632,349696,545792","legacy","8","1","8","2","4","0,2,4,6","true,true,true,true","0,0,0,0","true","true","true","avx2","0","0","0.0027745","268435456","96750900000","81541731"
"4","512","4","A","0","512","1","16","1211,1136,683,1066","620032,581632,349696,545792","1211,1136,683,1066","620032,581632,349696,545792","repeat","8","1","8","2","4","0,2,4,6","true,true,true,true","0,0,0,0","true","true","true","avx2","0","0","0.0053305","268435456","50358400000","81541731"
"4","512","4","A","0","512","1","16","1211,1136,683,1066","620032,581632,349696,545792","1211,1136,683,1066","620032,581632,349696,545792","fused","8","1","8","2","4","0,2,4,6","true,true,true,true","0,0,0,0","true","true","true","avx2","0","0","0.0056834","268435456","47231500000","81541731"
"5","512","5","A","1","512","1","16","1211,1136,683,1066","620032,581632,349696,545792","1211,1136,683,1066","620032,581632,349696,545792","fused","8","1","8","2","4","0,2,4,6","true,true,true,true","0,0,0,0","true","true","true","avx2","0","0","0.0076748","268435456","34976200000","81541731"
"5","512","5","A","1","512","1","16","1211,1136,683,1066","620032,581632,349696,545792","1211,1136,683,1066","620032,581632,349696,545792","repeat","8","1","8","2","4","0,2,4,6","true,true,true,true","0,0,0,0","true","true","true","avx2","0","0","0.0053708","268435456","49980500000","81541731"
"5","512","5","A","1","512","1","16","1211,1136,683,1066","620032,581632,349696,545792","1211,1136,683,1066","620032,581632,349696,545792","legacy","8","1","8","2","4","0,2,4,6","true,true,true,true","0,0,0,0","true","true","true","avx2","0","0","0.0032876","268435456","81650900000","81541731"
"6","512","6","A","2","512","1","16","1211,1136,683,1066","620032,581632,349696,545792","1211,1136,683,1066","620032,581632,349696,545792","repeat","8","1","8","2","4","0,2,4,6","true,true,true,true","0,0,0,0","true","true","true","avx2","0","0","0.0056728","268435456","47319700000","81541731"
"6","512","6","A","2","512","1","16","1211,1136,683,1066","620032,581632,349696,545792","1211,1136,683,1066","620032,581632,349696,545792","legacy","8","1","8","2","4","0,2,4,6","true,true,true,true","0,0,0,0","true","true","true","avx2","0","0","0.0029256","268435456","91754000000","81541731"
"6","512","6","A","2","512","1","16","1211,1136,683,1066","620032,581632,349696,545792","1211,1136,683,1066","620032,581632,349696,545792","fused","8","1","8","2","4","0,2,4,6","true,true,true,true","0,0,0,0","true","true","true","avx2","0","0","0.0060345","268435456","44483500000","81541731"
"7","512","7","A","0","512","1","16","1211,1136,683,1066","620032,581632,349696,545792","1211,1136,683,1066","620032,581632,349696,545792","legacy","8","1","8","2","4","0,2,4,6","true,true,true,true","0,0,0,0","true","true","true","avx2","0","0","0.0025946","268435456","103459000000","81541731"
"7","512","7","A","0","512","1","16","1211,1136,683,1066","620032,581632,349696,545792","1211,1136,683,1066","620032,581632,349696,545792","repeat","8","1","8","2","4","0,2,4,6","true,true,true,true","0,0,0,0","true","true","true","avx2","0","0","0.00616","268435456","43577200000","81541731"
"7","512","7","A","0","512","1","16","1211,1136,683,1066","620032,581632,349696,545792","1211,1136,683,1066","620032,581632,349696,545792","fused","8","1","8","2","4","0,2,4,6","true,true,true,true","0,0,0,0","true","true","true","avx2","0","0","0.0060969","268435456","44028200000","81541731"
"8","512","8","A","1","512","1","16","1211,1136,683,1066","620032,581632,349696,545792","1211,1136,683,1066","620032,581632,349696,545792","fused","8","1","8","2","4","0,2,4,6","true,true,true,true","0,0,0,0","true","true","true","avx2","0","0","0.006521","268435456","41164800000","81541731"
"8","512","8","A","1","512","1","16","1211,1136,683,1066","620032,581632,349696,545792","1211,1136,683,1066","620032,581632,349696,545792","repeat","8","1","8","2","4","0,2,4,6","true,true,true,true","0,0,0,0","true","true","true","avx2","0","0","0.0054143","268435456","49579000000","81541731"
"8","512","8","A","1","512","1","16","1211,1136,683,1066","620032,581632,349696,545792","1211,1136,683,1066","620032,581632,349696,545792","legacy","8","1","8","2","4","0,2,4,6","true,true,true,true","0,0,0,0","true","true","true","avx2","0","0","0.0028937","268435456","92765500000","81541731"
"9","512","9","A","2","512","1","16","1211,1136,683,1066","620032,581632,349696,545792","1211,1136,683,1066","620032,581632,349696,545792","repeat","8","1","8","2","4","0,2,4,6","true,true,true,true","0,0,0,0","true","true","true","avx2","0","0","0.0055358","268435456","48490800000","81541731"
"9","512","9","A","2","512","1","16","1211,1136,683,1066","620032,581632,349696,545792","1211,1136,683,1066","620032,581632,349696,545792","legacy","8","1","8","2","4","0,2,4,6","true,true,true,true","0,0,0,0","true","true","true","avx2","0","0","0.0029006","268435456","92544800000","81541731"
"9","512","9","A","2","512","1","16","1211,1136,683,1066","620032,581632,349696,545792","1211,1136,683,1066","620032,581632,349696,545792","fused","8","1","8","2","4","0,2,4,6","true,true,true,true","0,0,0,0","true","true","true","avx2","0","0","0.0055209","268435456","48621700000","81541731"
"10","512","10","A","0","512","1","16","1211,1136,683,1066","620032,581632,349696,545792","1211,1136,683,1066","620032,581632,349696,545792","legacy","8","1","8","2","4","0,2,4,6","true,true,true,true","0,0,0,0","true","true","true","avx2","0","0","0.0029131","268435456","92147700000","81541731"
"10","512","10","A","0","512","1","16","1211,1136,683,1066","620032,581632,349696,545792","1211,1136,683,1066","620032,581632,349696,545792","repeat","8","1","8","2","4","0,2,4,6","true,true,true,true","0,0,0,0","true","true","true","avx2","0","0","0.0055294","268435456","48546900000","81541731"
"10","512","10","A","0","512","1","16","1211,1136,683,1066","620032,581632,349696,545792","1211,1136,683,1066","620032,581632,349696,545792","fused","8","1","8","2","4","0,2,4,6","true,true,true,true","0,0,0,0","true","true","true","avx2","0","0","0.006268","268435456","42826300000","81541731"
"11","512","1","B","0","512","1","16","1211,1136,683,1066","9920512,9306112,5595136,8732672","1211,1136,683,1066","9920512,9306112,5595136,8732672","legacy","8","1","8","2","4","0,2,4,6","true,true,true,true","0,0,0,0","true","true","true","avx2","0","0","0.0079148","268435456","33915600000","18446744073530809057"
"11","512","1","B","0","512","1","16","1211,1136,683,1066","9920512,9306112,5595136,8732672","1211,1136,683,1066","9920512,9306112,5595136,8732672","repeat","8","1","8","2","4","0,2,4,6","true,true,true,true","0,0,0,0","true","true","true","avx2","0","0","0.008432","268435456","31835300000","18446744073530809057"
"11","512","1","B","0","512","1","16","1211,1136,683,1066","9920512,9306112,5595136,8732672","1211,1136,683,1066","9920512,9306112,5595136,8732672","fused","8","1","8","2","4","0,2,4,6","true,true,true,true","0,0,0,0","true","true","true","avx2","0","0","0.0074623","268435456","35972200000","18446744073530809057"
"12","512","2","B","1","512","1","16","1211,1136,683,1066","9920512,9306112,5595136,8732672","1211,1136,683,1066","9920512,9306112,5595136,8732672","fused","8","1","8","2","4","0,2,4,6","true,true,true,true","0,0,0,0","true","true","true","avx2","0","0","0.0063276","268435456","42422900000","18446744073530809057"
"12","512","2","B","1","512","1","16","1211,1136,683,1066","9920512,9306112,5595136,8732672","1211,1136,683,1066","9920512,9306112,5595136,8732672","repeat","8","1","8","2","4","0,2,4,6","true,true,true,true","0,0,0,0","true","true","true","avx2","0","0","0.0069304","268435456","38733000000","18446744073530809057"
"12","512","2","B","1","512","1","16","1211,1136,683,1066","9920512,9306112,5595136,8732672","1211,1136,683,1066","9920512,9306112,5595136,8732672","legacy","8","1","8","2","4","0,2,4,6","true,true,true,true","0,0,0,0","true","true","true","avx2","0","0","0.0058591","268435456","45815100000","18446744073530809057"
"13","512","3","B","2","512","1","16","1211,1136,683,1066","9920512,9306112,5595136,8732672","1211,1136,683,1066","9920512,9306112,5595136,8732672","repeat","8","1","8","2","4","0,2,4,6","true,true,true,true","0,0,0,0","true","true","true","avx2","0","0","0.007597","268435456","35334400000","18446744073530809057"
"13","512","3","B","2","512","1","16","1211,1136,683,1066","9920512,9306112,5595136,8732672","1211,1136,683,1066","9920512,9306112,5595136,8732672","legacy","8","1","8","2","4","0,2,4,6","true,true,true,true","0,0,0,0","true","true","true","avx2","0","0","0.0063943","268435456","41980400000","18446744073530809057"
"13","512","3","B","2","512","1","16","1211,1136,683,1066","9920512,9306112,5595136,8732672","1211,1136,683,1066","9920512,9306112,5595136,8732672","fused","8","1","8","2","4","0,2,4,6","true,true,true,true","0,0,0,0","true","true","true","avx2","0","0","0.006719","268435456","39951700000","18446744073530809057"
"14","512","4","B","0","512","1","16","1211,1136,683,1066","9920512,9306112,5595136,8732672","1211,1136,683,1066","9920512,9306112,5595136,8732672","legacy","8","1","8","2","4","0,2,4,6","true,true,true,true","0,0,0,0","true","true","true","avx2","0","0","0.0067568","268435456","39728200000","18446744073530809057"
"14","512","4","B","0","512","1","16","1211,1136,683,1066","9920512,9306112,5595136,8732672","1211,1136,683,1066","9920512,9306112,5595136,8732672","repeat","8","1","8","2","4","0,2,4,6","true,true,true,true","0,0,0,0","true","true","true","avx2","0","0","0.0081143","268435456","33081800000","18446744073530809057"
"14","512","4","B","0","512","1","16","1211,1136,683,1066","9920512,9306112,5595136,8732672","1211,1136,683,1066","9920512,9306112,5595136,8732672","fused","8","1","8","2","4","0,2,4,6","true,true,true,true","0,0,0,0","true","true","true","avx2","0","0","0.0064131","268435456","41857400000","18446744073530809057"
"15","512","5","B","1","512","1","16","1211,1136,683,1066","9920512,9306112,5595136,8732672","1211,1136,683,1066","9920512,9306112,5595136,8732672","fused","8","1","8","2","4","0,2,4,6","true,true,true,true","0,0,0,0","true","true","true","avx2","0","0","0.0074317","268435456","36120300000","18446744073530809057"
"15","512","5","B","1","512","1","16","1211,1136,683,1066","9920512,9306112,5595136,8732672","1211,1136,683,1066","9920512,9306112,5595136,8732672","repeat","8","1","8","2","4","0,2,4,6","true,true,true,true","0,0,0,0","true","true","true","avx2","0","0","0.0086411","268435456","31065000000","18446744073530809057"
"15","512","5","B","1","512","1","16","1211,1136,683,1066","9920512,9306112,5595136,8732672","1211,1136,683,1066","9920512,9306112,5595136,8732672","legacy","8","1","8","2","4","0,2,4,6","true,true,true,true","0,0,0,0","true","true","true","avx2","0","0","0.0068375","268435456","39259300000","18446744073530809057"
"16","512","6","B","2","512","1","16","1211,1136,683,1066","9920512,9306112,5595136,8732672","1211,1136,683,1066","9920512,9306112,5595136,8732672","repeat","8","1","8","2","4","0,2,4,6","true,true,true,true","0,0,0,0","true","true","true","avx2","0","0","0.0065923","268435456","40719500000","18446744073530809057"
"16","512","6","B","2","512","1","16","1211,1136,683,1066","9920512,9306112,5595136,8732672","1211,1136,683,1066","9920512,9306112,5595136,8732672","legacy","8","1","8","2","4","0,2,4,6","true,true,true,true","0,0,0,0","true","true","true","avx2","0","0","0.0073424","268435456","36559600000","18446744073530809057"
"16","512","6","B","2","512","1","16","1211,1136,683,1066","9920512,9306112,5595136,8732672","1211,1136,683,1066","9920512,9306112,5595136,8732672","fused","8","1","8","2","4","0,2,4,6","true,true,true,true","0,0,0,0","true","true","true","avx2","0","0","0.0077101","268435456","34816100000","18446744073530809057"
"17","512","7","B","0","512","1","16","1211,1136,683,1066","9920512,9306112,5595136,8732672","1211,1136,683,1066","9920512,9306112,5595136,8732672","legacy","8","1","8","2","4","0,2,4,6","true,true,true,true","0,0,0,0","true","true","true","avx2","0","0","0.0062267","268435456","43110400000","18446744073530809057"
"17","512","7","B","0","512","1","16","1211,1136,683,1066","9920512,9306112,5595136,8732672","1211,1136,683,1066","9920512,9306112,5595136,8732672","repeat","8","1","8","2","4","0,2,4,6","true,true,true,true","0,0,0,0","true","true","true","avx2","0","0","0.0071913","268435456","37327800000","18446744073530809057"
"17","512","7","B","0","512","1","16","1211,1136,683,1066","9920512,9306112,5595136,8732672","1211,1136,683,1066","9920512,9306112,5595136,8732672","fused","8","1","8","2","4","0,2,4,6","true,true,true,true","0,0,0,0","true","true","true","avx2","0","0","0.0081393","268435456","32980200000","18446744073530809057"
"18","512","8","B","1","512","1","16","1211,1136,683,1066","9920512,9306112,5595136,8732672","1211,1136,683,1066","9920512,9306112,5595136,8732672","fused","8","1","8","2","4","0,2,4,6","true,true,true,true","0,0,0,0","true","true","true","avx2","0","0","0.008825","268435456","30417600000","18446744073530809057"
"18","512","8","B","1","512","1","16","1211,1136,683,1066","9920512,9306112,5595136,8732672","1211,1136,683,1066","9920512,9306112,5595136,8732672","repeat","8","1","8","2","4","0,2,4,6","true,true,true,true","0,0,0,0","true","true","true","avx2","0","0","0.0079926","268435456","33585500000","18446744073530809057"
"18","512","8","B","1","512","1","16","1211,1136,683,1066","9920512,9306112,5595136,8732672","1211,1136,683,1066","9920512,9306112,5595136,8732672","legacy","8","1","8","2","4","0,2,4,6","true,true,true,true","0,0,0,0","true","true","true","avx2","0","0","0.0090146","268435456","29777900000","18446744073530809057"
"19","512","9","B","2","512","1","16","1211,1136,683,1066","9920512,9306112,5595136,8732672","1211,1136,683,1066","9920512,9306112,5595136,8732672","repeat","8","1","8","2","4","0,2,4,6","true,true,true,true","0,0,0,0","true","true","true","avx2","0","0","0.0082901","268435456","32380200000","18446744073530809057"
"19","512","9","B","2","512","1","16","1211,1136,683,1066","9920512,9306112,5595136,8732672","1211,1136,683,1066","9920512,9306112,5595136,8732672","legacy","8","1","8","2","4","0,2,4,6","true,true,true,true","0,0,0,0","true","true","true","avx2","0","0","0.0059287","268435456","45277300000","18446744073530809057"
"19","512","9","B","2","512","1","16","1211,1136,683,1066","9920512,9306112,5595136,8732672","1211,1136,683,1066","9920512,9306112,5595136,8732672","fused","8","1","8","2","4","0,2,4,6","true,true,true,true","0,0,0,0","true","true","true","avx2","0","0","0.0075188","268435456","35701900000","18446744073530809057"
"20","512","10","B","0","512","1","16","1211,1136,683,1066","9920512,9306112,5595136,8732672","1211,1136,683,1066","9920512,9306112,5595136,8732672","legacy","8","1","8","2","4","0,2,4,6","true,true,true,true","0,0,0,0","true","true","true","avx2","0","0","0.0066933","268435456","40105100000","18446744073530809057"
"20","512","10","B","0","512","1","16","1211,1136,683,1066","9920512,9306112,5595136,8732672","1211,1136,683,1066","9920512,9306112,5595136,8732672","repeat","8","1","8","2","4","0,2,4,6","true,true,true,true","0,0,0,0","true","true","true","avx2","0","0","0.00817","268435456","32856200000","18446744073530809057"
"20","512","10","B","0","512","1","16","1211,1136,683,1066","9920512,9306112,5595136,8732672","1211,1136,683,1066","9920512,9306112,5595136,8732672","fused","8","1","8","2","4","0,2,4,6","true,true,true,true","0,0,0,0","true","true","true","avx2","0","0","0.0082302","268435456","32615900000","18446744073530809057"
"21","768","1","A","0","512","1","16","1816,1705,1023,1600","929792,872960,523776,819200","1816,1705,1023,1600","929792,872960,523776,819200","legacy","8","1","8","2","4","0,2,4,6","true,true,true,true","0,0,0,0","true","true","true","avx2","0","0","0.0053341","402653184","75486600000","18446744073656903484"
"21","768","1","A","0","512","1","16","1816,1705,1023,1600","929792,872960,523776,819200","1816,1705,1023,1600","929792,872960,523776,819200","repeat","8","1","8","2","4","0,2,4,6","true,true,true,true","0,0,0,0","true","true","true","avx2","0","0","0.0112371","402653184","35832500000","18446744073656903484"
"21","768","1","A","0","512","1","16","1816,1705,1023,1600","929792,872960,523776,819200","1816,1705,1023,1600","929792,872960,523776,819200","fused","8","1","8","2","4","0,2,4,6","true,true,true,true","0,0,0,0","true","true","true","avx2","0","0","0.0108794","402653184","37010600000","18446744073656903484"
"22","768","2","A","1","512","1","16","1816,1705,1023,1600","929792,872960,523776,819200","1816,1705,1023,1600","929792,872960,523776,819200","fused","8","1","8","2","4","0,2,4,6","true,true,true,true","0,0,0,0","true","true","true","avx2","0","0","0.0109484","402653184","36777400000","18446744073656903484"
"22","768","2","A","1","512","1","16","1816,1705,1023,1600","929792,872960,523776,819200","1816,1705,1023,1600","929792,872960,523776,819200","repeat","8","1","8","2","4","0,2,4,6","true,true,true,true","0,0,0,0","true","true","true","avx2","0","0","0.0114721","402653184","35098500000","18446744073656903484"
"22","768","2","A","1","512","1","16","1816,1705,1023,1600","929792,872960,523776,819200","1816,1705,1023,1600","929792,872960,523776,819200","legacy","8","1","8","2","4","0,2,4,6","true,true,true,true","0,0,0,0","true","true","true","avx2","0","0","0.0040362","402653184","99760500000","18446744073656903484"
"23","768","3","A","2","512","1","16","1816,1705,1023,1600","929792,872960,523776,819200","1816,1705,1023,1600","929792,872960,523776,819200","repeat","8","1","8","2","4","0,2,4,6","true,true,true,true","0,0,0,0","true","true","true","avx2","0","0","0.0083578","402653184","48176900000","18446744073656903484"
"23","768","3","A","2","512","1","16","1816,1705,1023,1600","929792,872960,523776,819200","1816,1705,1023,1600","929792,872960,523776,819200","legacy","8","1","8","2","4","0,2,4,6","true,true,true,true","0,0,0,0","true","true","true","avx2","0","0","0.0046274","402653184","87015000000","18446744073656903484"
"23","768","3","A","2","512","1","16","1816,1705,1023,1600","929792,872960,523776,819200","1816,1705,1023,1600","929792,872960,523776,819200","fused","8","1","8","2","4","0,2,4,6","true,true,true,true","0,0,0,0","true","true","true","avx2","0","0","0.0074572","402653184","53995200000","18446744073656903484"
"24","768","4","A","0","512","1","16","1816,1705,1023,1600","929792,872960,523776,819200","1816,1705,1023,1600","929792,872960,523776,819200","legacy","8","1","8","2","4","0,2,4,6","true,true,true,true","0,0,0,0","true","true","true","avx2","0","0","0.0041509","402653184","97003800000","18446744073656903484"
"24","768","4","A","0","512","1","16","1816,1705,1023,1600","929792,872960,523776,819200","1816,1705,1023,1600","929792,872960,523776,819200","repeat","8","1","8","2","4","0,2,4,6","true,true,true,true","0,0,0,0","true","true","true","avx2","0","0","0.0081298","402653184","49528100000","18446744073656903484"
"24","768","4","A","0","512","1","16","1816,1705,1023,1600","929792,872960,523776,819200","1816,1705,1023,1600","929792,872960,523776,819200","fused","8","1","8","2","4","0,2,4,6","true,true,true,true","0,0,0,0","true","true","true","avx2","0","0","0.0075288","402653184","53481700000","18446744073656903484"
"25","768","5","A","1","512","1","16","1816,1705,1023,1600","929792,872960,523776,819200","1816,1705,1023,1600","929792,872960,523776,819200","fused","8","1","8","2","4","0,2,4,6","true,true,true,true","0,0,0,0","true","true","true","avx2","0","0","0.0082583","402653184","48757400000","18446744073656903484"
"25","768","5","A","1","512","1","16","1816,1705,1023,1600","929792,872960,523776,819200","1816,1705,1023,1600","929792,872960,523776,819200","repeat","8","1","8","2","4","0,2,4,6","true,true,true,true","0,0,0,0","true","true","true","avx2","0","0","0.0085112","402653184","47308600000","18446744073656903484"
"25","768","5","A","1","512","1","16","1816,1705,1023,1600","929792,872960,523776,819200","1816,1705,1023,1600","929792,872960,523776,819200","legacy","8","1","8","2","4","0,2,4,6","true,true,true,true","0,0,0,0","true","true","true","avx2","0","0","0.0048389","402653184","83211700000","18446744073656903484"
"26","768","6","A","2","512","1","16","1816,1705,1023,1600","929792,872960,523776,819200","1816,1705,1023,1600","929792,872960,523776,819200","repeat","8","1","8","2","4","0,2,4,6","true,true,true,true","0,0,0,0","true","true","true","avx2","0","0","0.0110278","402653184","36512600000","18446744073656903484"
"26","768","6","A","2","512","1","16","1816,1705,1023,1600","929792,872960,523776,819200","1816,1705,1023,1600","929792,872960,523776,819200","legacy","8","1","8","2","4","0,2,4,6","true,true,true,true","0,0,0,0","true","true","true","avx2","0","0","0.004487","402653184","89737700000","18446744073656903484"
"26","768","6","A","2","512","1","16","1816,1705,1023,1600","929792,872960,523776,819200","1816,1705,1023,1600","929792,872960,523776,819200","fused","8","1","8","2","4","0,2,4,6","true,true,true,true","0,0,0,0","true","true","true","avx2","0","0","0.0086145","402653184","46741300000","18446744073656903484"
"27","768","7","A","0","512","1","16","1816,1705,1023,1600","929792,872960,523776,819200","1816,1705,1023,1600","929792,872960,523776,819200","legacy","8","1","8","2","4","0,2,4,6","true,true,true,true","0,0,0,0","true","true","true","avx2","0","0","0.0044461","402653184","90563200000","18446744073656903484"
"27","768","7","A","0","512","1","16","1816,1705,1023,1600","929792,872960,523776,819200","1816,1705,1023,1600","929792,872960,523776,819200","repeat","8","1","8","2","4","0,2,4,6","true,true,true,true","0,0,0,0","true","true","true","avx2","0","0","0.0092113","402653184","43713000000","18446744073656903484"
"27","768","7","A","0","512","1","16","1816,1705,1023,1600","929792,872960,523776,819200","1816,1705,1023,1600","929792,872960,523776,819200","fused","8","1","8","2","4","0,2,4,6","true,true,true,true","0,0,0,0","true","true","true","avx2","0","0","0.0080373","402653184","50098100000","18446744073656903484"
"28","768","8","A","1","512","1","16","1816,1705,1023,1600","929792,872960,523776,819200","1816,1705,1023,1600","929792,872960,523776,819200","fused","8","1","8","2","4","0,2,4,6","true,true,true,true","0,0,0,0","true","true","true","avx2","0","0","0.0076033","402653184","52957700000","18446744073656903484"
"28","768","8","A","1","512","1","16","1816,1705,1023,1600","929792,872960,523776,819200","1816,1705,1023,1600","929792,872960,523776,819200","repeat","8","1","8","2","4","0,2,4,6","true,true,true,true","0,0,0,0","true","true","true","avx2","0","0","0.0114121","402653184","35283000000","18446744073656903484"
"28","768","8","A","1","512","1","16","1816,1705,1023,1600","929792,872960,523776,819200","1816,1705,1023,1600","929792,872960,523776,819200","legacy","8","1","8","2","4","0,2,4,6","true,true,true,true","0,0,0,0","true","true","true","avx2","0","0","0.0044662","402653184","90155700000","18446744073656903484"
"29","768","9","A","2","512","1","16","1816,1705,1023,1600","929792,872960,523776,819200","1816,1705,1023,1600","929792,872960,523776,819200","repeat","8","1","8","2","4","0,2,4,6","true,true,true,true","0,0,0,0","true","true","true","avx2","0","0","0.0082479","402653184","48818900000","18446744073656903484"
"29","768","9","A","2","512","1","16","1816,1705,1023,1600","929792,872960,523776,819200","1816,1705,1023,1600","929792,872960,523776,819200","legacy","8","1","8","2","4","0,2,4,6","true,true,true,true","0,0,0,0","true","true","true","avx2","0","0","0.0041084","402653184","98007300000","18446744073656903484"
"29","768","9","A","2","512","1","16","1816,1705,1023,1600","929792,872960,523776,819200","1816,1705,1023,1600","929792,872960,523776,819200","fused","8","1","8","2","4","0,2,4,6","true,true,true,true","0,0,0,0","true","true","true","avx2","0","0","0.0092495","402653184","43532400000","18446744073656903484"
"30","768","10","A","0","512","1","16","1816,1705,1023,1600","929792,872960,523776,819200","1816,1705,1023,1600","929792,872960,523776,819200","legacy","8","1","8","2","4","0,2,4,6","true,true,true,true","0,0,0,0","true","true","true","avx2","0","0","0.0044861","402653184","89755700000","18446744073656903484"
"30","768","10","A","0","512","1","16","1816,1705,1023,1600","929792,872960,523776,819200","1816,1705,1023,1600","929792,872960,523776,819200","repeat","8","1","8","2","4","0,2,4,6","true,true,true,true","0,0,0,0","true","true","true","avx2","0","0","0.0087108","402653184","46224600000","18446744073656903484"
"30","768","10","A","0","512","1","16","1816,1705,1023,1600","929792,872960,523776,819200","1816,1705,1023,1600","929792,872960,523776,819200","fused","8","1","8","2","4","0,2,4,6","true,true,true,true","0,0,0,0","true","true","true","avx2","0","0","0.0084861","402653184","47448600000","18446744073656903484"
"31","768","1","B","0","512","1","16","1816,1705,1023,1600","14876672,13967360,8380416,13107200","1816,1705,1023,1600","14876672,13967360,8380416,13107200","legacy","8","1","8","2","4","0,2,4,6","true,true,true,true","0,0,0,0","true","true","true","avx2","0","0","0.0099346","402653184","40530400000","18446744072675525801"
"31","768","1","B","0","512","1","16","1816,1705,1023,1600","14876672,13967360,8380416,13107200","1816,1705,1023,1600","14876672,13967360,8380416,13107200","repeat","8","1","8","2","4","0,2,4,6","true,true,true,true","0,0,0,0","true","true","true","avx2","0","0","0.0112828","402653184","35687300000","18446744072675525801"
"31","768","1","B","0","512","1","16","1816,1705,1023,1600","14876672,13967360,8380416,13107200","1816,1705,1023,1600","14876672,13967360,8380416,13107200","fused","8","1","8","2","4","0,2,4,6","true,true,true,true","0,0,0,0","true","true","true","avx2","0","0","0.0115055","402653184","34996600000","18446744072675525801"
"32","768","2","B","1","512","1","16","1816,1705,1023,1600","14876672,13967360,8380416,13107200","1816,1705,1023,1600","14876672,13967360,8380416,13107200","fused","8","1","8","2","4","0,2,4,6","true,true,true,true","0,0,0,0","true","true","true","avx2","0","0","0.0137982","402653184","29181600000","18446744072675525801"
"32","768","2","B","1","512","1","16","1816,1705,1023,1600","14876672,13967360,8380416,13107200","1816,1705,1023,1600","14876672,13967360,8380416,13107200","repeat","8","1","8","2","4","0,2,4,6","true,true,true,true","0,0,0,0","true","true","true","avx2","0","0","0.0138962","402653184","28975800000","18446744072675525801"
"32","768","2","B","1","512","1","16","1816,1705,1023,1600","14876672,13967360,8380416,13107200","1816,1705,1023,1600","14876672,13967360,8380416,13107200","legacy","8","1","8","2","4","0,2,4,6","true,true,true,true","0,0,0,0","true","true","true","avx2","0","0","0.0117156","402653184","34369000000","18446744072675525801"
"33","768","3","B","2","512","1","16","1816,1705,1023,1600","14876672,13967360,8380416,13107200","1816,1705,1023,1600","14876672,13967360,8380416,13107200","repeat","8","1","8","2","4","0,2,4,6","true,true,true,true","0,0,0,0","true","true","true","avx2","0","0","0.0128437","402653184","31350200000","18446744072675525801"
"33","768","3","B","2","512","1","16","1816,1705,1023,1600","14876672,13967360,8380416,13107200","1816,1705,1023,1600","14876672,13967360,8380416,13107200","legacy","8","1","8","2","4","0,2,4,6","true,true,true,true","0,0,0,0","true","true","true","avx2","0","0","0.0122111","402653184","32974400000","18446744072675525801"
"33","768","3","B","2","512","1","16","1816,1705,1023,1600","14876672,13967360,8380416,13107200","1816,1705,1023,1600","14876672,13967360,8380416,13107200","fused","8","1","8","2","4","0,2,4,6","true,true,true,true","0,0,0,0","true","true","true","avx2","0","0","0.0119665","402653184","33648400000","18446744072675525801"
"34","768","4","B","0","512","1","16","1816,1705,1023,1600","14876672,13967360,8380416,13107200","1816,1705,1023,1600","14876672,13967360,8380416,13107200","legacy","8","1","8","2","4","0,2,4,6","true,true,true,true","0,0,0,0","true","true","true","avx2","0","0","0.0123926","402653184","32491400000","18446744072675525801"
"34","768","4","B","0","512","1","16","1816,1705,1023,1600","14876672,13967360,8380416,13107200","1816,1705,1023,1600","14876672,13967360,8380416,13107200","repeat","8","1","8","2","4","0,2,4,6","true,true,true,true","0,0,0,0","true","true","true","avx2","0","0","0.0129018","402653184","31209100000","18446744072675525801"
"34","768","4","B","0","512","1","16","1816,1705,1023,1600","14876672,13967360,8380416,13107200","1816,1705,1023,1600","14876672,13967360,8380416,13107200","fused","8","1","8","2","4","0,2,4,6","true,true,true,true","0,0,0,0","true","true","true","avx2","0","0","0.0109259","402653184","36853100000","18446744072675525801"
"35","768","5","B","1","512","1","16","1816,1705,1023,1600","14876672,13967360,8380416,13107200","1816,1705,1023,1600","14876672,13967360,8380416,13107200","fused","8","1","8","2","4","0,2,4,6","true,true,true,true","0,0,0,0","true","true","true","avx2","0","0","0.0139596","402653184","28844200000","18446744072675525801"
"35","768","5","B","1","512","1","16","1816,1705,1023,1600","14876672,13967360,8380416,13107200","1816,1705,1023,1600","14876672,13967360,8380416,13107200","repeat","8","1","8","2","4","0,2,4,6","true,true,true,true","0,0,0,0","true","true","true","avx2","0","0","0.0148854","402653184","27050200000","18446744072675525801"
"35","768","5","B","1","512","1","16","1816,1705,1023,1600","14876672,13967360,8380416,13107200","1816,1705,1023,1600","14876672,13967360,8380416,13107200","legacy","8","1","8","2","4","0,2,4,6","true,true,true,true","0,0,0,0","true","true","true","avx2","0","0","0.0125717","402653184","32028500000","18446744072675525801"
"36","768","6","B","2","512","1","16","1816,1705,1023,1600","14876672,13967360,8380416,13107200","1816,1705,1023,1600","14876672,13967360,8380416,13107200","repeat","8","1","8","2","4","0,2,4,6","true,true,true,true","0,0,0,0","true","true","true","avx2","0","0","0.0150413","402653184","26769800000","18446744072675525801"
"36","768","6","B","2","512","1","16","1816,1705,1023,1600","14876672,13967360,8380416,13107200","1816,1705,1023,1600","14876672,13967360,8380416,13107200","legacy","8","1","8","2","4","0,2,4,6","true,true,true,true","0,0,0,0","true","true","true","avx2","0","0","0.0122286","402653184","32927200000","18446744072675525801"
"36","768","6","B","2","512","1","16","1816,1705,1023,1600","14876672,13967360,8380416,13107200","1816,1705,1023,1600","14876672,13967360,8380416,13107200","fused","8","1","8","2","4","0,2,4,6","true,true,true,true","0,0,0,0","true","true","true","avx2","0","0","0.0147518","402653184","27295200000","18446744072675525801"
"37","768","7","B","0","512","1","16","1816,1705,1023,1600","14876672,13967360,8380416,13107200","1816,1705,1023,1600","14876672,13967360,8380416,13107200","legacy","8","1","8","2","4","0,2,4,6","true,true,true,true","0,0,0,0","true","true","true","avx2","0","0","0.0123429","402653184","32622300000","18446744072675525801"
"37","768","7","B","0","512","1","16","1816,1705,1023,1600","14876672,13967360,8380416,13107200","1816,1705,1023,1600","14876672,13967360,8380416,13107200","repeat","8","1","8","2","4","0,2,4,6","true,true,true,true","0,0,0,0","true","true","true","avx2","0","0","0.0132769","402653184","30327300000","18446744072675525801"
"37","768","7","B","0","512","1","16","1816,1705,1023,1600","14876672,13967360,8380416,13107200","1816,1705,1023,1600","14876672,13967360,8380416,13107200","fused","8","1","8","2","4","0,2,4,6","true,true,true,true","0,0,0,0","true","true","true","avx2","0","0","0.0139258","402653184","28914200000","18446744072675525801"
"38","768","8","B","1","512","1","16","1816,1705,1023,1600","14876672,13967360,8380416,13107200","1816,1705,1023,1600","14876672,13967360,8380416,13107200","fused","8","1","8","2","4","0,2,4,6","true,true,true,true","0,0,0,0","true","true","true","avx2","0","0","0.0115016","402653184","35008400000","18446744072675525801"
"38","768","8","B","1","512","1","16","1816,1705,1023,1600","14876672,13967360,8380416,13107200","1816,1705,1023,1600","14876672,13967360,8380416,13107200","repeat","8","1","8","2","4","0,2,4,6","true,true,true,true","0,0,0,0","true","true","true","avx2","0","0","0.0115997","402653184","34712400000","18446744072675525801"
"38","768","8","B","1","512","1","16","1816,1705,1023,1600","14876672,13967360,8380416,13107200","1816,1705,1023,1600","14876672,13967360,8380416,13107200","legacy","8","1","8","2","4","0,2,4,6","true,true,true,true","0,0,0,0","true","true","true","avx2","0","0","0.0119987","402653184","33558100000","18446744072675525801"
"39","768","9","B","2","512","1","16","1816,1705,1023,1600","14876672,13967360,8380416,13107200","1816,1705,1023,1600","14876672,13967360,8380416,13107200","repeat","8","1","8","2","4","0,2,4,6","true,true,true,true","0,0,0,0","true","true","true","avx2","0","0","0.0131706","402653184","30572100000","18446744072675525801"
"39","768","9","B","2","512","1","16","1816,1705,1023,1600","14876672,13967360,8380416,13107200","1816,1705,1023,1600","14876672,13967360,8380416,13107200","legacy","8","1","8","2","4","0,2,4,6","true,true,true,true","0,0,0,0","true","true","true","avx2","0","0","0.0111627","402653184","36071300000","18446744072675525801"
"39","768","9","B","2","512","1","16","1816,1705,1023,1600","14876672,13967360,8380416,13107200","1816,1705,1023,1600","14876672,13967360,8380416,13107200","fused","8","1","8","2","4","0,2,4,6","true,true,true,true","0,0,0,0","true","true","true","avx2","0","0","0.0121494","402653184","33141800000","18446744072675525801"
"40","768","10","B","0","512","1","16","1816,1705,1023,1600","14876672,13967360,8380416,13107200","1816,1705,1023,1600","14876672,13967360,8380416,13107200","legacy","8","1","8","2","4","0,2,4,6","true,true,true,true","0,0,0,0","true","true","true","avx2","0","0","0.0106575","402653184","37781200000","18446744072675525801"
"40","768","10","B","0","512","1","16","1816,1705,1023,1600","14876672,13967360,8380416,13107200","1816,1705,1023,1600","14876672,13967360,8380416,13107200","repeat","8","1","8","2","4","0,2,4,6","true,true,true,true","0,0,0,0","true","true","true","avx2","0","0","0.0131701","402653184","30573300000","18446744072675525801"
"40","768","10","B","0","512","1","16","1816,1705,1023,1600","14876672,13967360,8380416,13107200","1816,1705,1023,1600","14876672,13967360,8380416,13107200","fused","8","1","8","2","4","0,2,4,6","true,true,true,true","0,0,0,0","true","true","true","avx2","0","0","0.0127837","402653184","31497400000","18446744072675525801"
