"metric","native_mode","D","S","R","rows_per_worker","n","median","min","max","population_sd","checksum","checksum_deterministic","checksum_values","elapsed_median_seconds","mac_total","mac_per_second_median","all_rounds_valid","timed_repetitions","warmup","worker_count","cpus"
"G(S)","fused","512","1","1","128,128,128,128","10","10346526831.5281","3194443259.71059","14665398601.3986","3344895514.1808","5156533420041995800","True","5156533420041995800","0.00020405","2097152","10346526831.5281","True","8","2","4","0,2,4,6"
"F(S)","repeat","512","1","1","128,128,128,128","10","8843041657.16213","3362976266.83772","15044131994.2611","3334490948.94012","5156533420041995800","True","5156533420041995800","0.00024105","2097152","8843041657.16213","True","8","2","4","0,2,4,6"
"G(S)","fused","512","1","2","128,128,128,128","10","6238813866.50558","3832864845.10646","14862877391.9206","3730981992.87407","13175200098663782325","True","13175200098663782325","0.0006737","4194304","6238813866.50558","True","8","2","4","0,2,4,6"
"F(S)","repeat","512","1","2","128,128,128,128","10","7794106679.73216","4147848101.26582","14979657142.8571","3853549809.6975","13175200098663782325","True","13175200098663782325","0.00054615","4194304","7794106679.73216","True","8","2","4","0,2,4,6"
"G(S)","fused","512","1","4","128,128,128,128","10","7229807675.00454","3311597647.15171","10502827094.0278","2554192204.04233","13977311238581039400","True","13977311238581039400","0.00116305","8388608","7229807675.00454","True","8","2","4","0,2,4,6"
"F(S)","repeat","512","1","4","128,128,128,128","10","4261565173.28313","2373887992.75547","11581676101.0631","3080528935.41685","13977311238581039400","True","13977311238581039400","0.0019686","8388608","4261565173.28313","True","8","2","4","0,2,4,6"
"G(S)","fused","512","1","8","128,128,128,128","10","3598833307.3708","2126848116.83126","5698782608.69565","1163184548.53121","6479385130747434895","True","6479385130747434895","0.00466235","16777216","3598833307.3708","True","8","2","4","0,2,4,6"
"F(S)","repeat","512","1","8","128,128,128,128","10","3634940313.44554","2528440787.2924","5510120861.79716","708956375.191449","6479385130747434895","True","6479385130747434895","0.00461555","16777216","3634940313.44554","True","8","2","4","0,2,4,6"
"G(S)","fused","512","1","16","128,128,128,128","10","3557193075.89463","450816225.628238","4917336928.64575","1394929187.92926","16794876969260276264","True","16794876969260276264","0.00944175","33554432","3557193075.89463","True","8","2","4","0,2,4,6"
"F(S)","repeat","512","1","16","128,128,128,128","10","4440902298.3409","965059175.767128","4939778291.40106","1441208171.52713","16794876969260276264","True","16794876969260276264","0.0075558","33554432","4440902298.3409","True","8","2","4","0,2,4,6"
"G(S)","fused","512","2","1","128,128,128,128","10","12294002052.169","725959567.986707","17571445328.8647","4823201100.48604","13342772756393143073","True","13342772756393143073","0.00034165","4194304","12294002052.169","True","8","2","4","0,2,4,6"
"F(S)","repeat","512","2","1","128,128,128,128","10","11005136244.1745","6653401015.22843","16804102564.1026","3136351459.28084","13342772756393143073","True","13342772756393143073","0.0003816","4194304","11005136244.1745","True","8","2","4","0,2,4,6"
"G(S)","fused","512","2","2","128,128,128,128","10","11626115778.4366","412042478.362952","15271450937.5569","4544779435.43154","5320820740352473086","True","5320820740352473086","0.00072165","8388608","11626115778.4366","True","8","2","4","0,2,4,6"
"F(S)","repeat","512","2","2","128,128,128,128","10","6142848872.96824","3971690734.34023","13651111472.7421","3282414542.86955","5320820740352473086","True","5320820740352473086","0.00141315","8388608","6142848872.96824","True","8","2","4","0,2,4,6"
"G(S)","fused","512","2","4","128,128,128,128","10","4294489805.44979","497750140.182341","5636558373.92911","1989705408.24259","5628887773952548123","True","5628887773952548123","0.0039071","16777216","4294489805.44979","True","8","2","4","0,2,4,6"
"F(S)","repeat","512","2","4","128,128,128,128","10","4678351024.11962","172613804.605376","6125307046.36729","2040497397.3043","5628887773952548123","True","5628887773952548123","0.0035868","16777216","4678351024.11962","True","8","2","4","0,2,4,6"
"G(S)","fused","512","2","8","128,128,128,128","10","4337458641.06964","2179255449.04268","5257337678.61619","1081711692.60141","305228345841125382","True","305228345841125382","0.00778325","33554432","4337458641.06964","True","8","2","4","0,2,4,6"
"F(S)","repeat","512","2","8","128,128,128,128","10","3465376701.41443","641354177.617306","5422237448.08752","1827890277.00711","305228345841125382","True","305228345841125382","0.0096916","33554432","3465376701.41443","True","8","2","4","0,2,4,6"
"G(S)","fused","512","2","16","128,128,128,128","10","2725783233.16898","1371906493.71889","5271254172.85231","1581570604.17985","12484377250881909059","True","12484377250881909059","0.024988","67108864","2725783233.16898","True","8","2","4","0,2,4,6"
"F(S)","repeat","512","2","16","128,128,128,128","10","3623361791.16315","1392178772.80403","5160235601.69166","1628309095.57182","12484377250881909059","True","12484377250881909059","0.0201351","67108864","3623361791.16315","True","8","2","4","0,2,4,6"
"G(S)","fused","512","4","1","128,128,128,128","10","10244869186.2555","6286426858.51319","19275294117.6471","4057509889.07321","5494975376828880146","True","5494975376828880146","0.0008197","8388608","10244869186.2555","True","8","2","4","0,2,4,6"
"F(S)","repeat","512","4","1","128,128,128,128","10","7713890897.50762","6285013860.79269","14058334171.2753","2085202304.4585","5494975376828880146","True","5494975376828880146","0.0010896","8388608","7713890897.50762","True","8","2","4","0,2,4,6"
"G(S)","fused","512","4","2","128,128,128,128","10","5727081309.4762","1420305441.73919","7575047859.8519","1505650170.63205","16227749103965826276","True","16227749103965826276","0.00292955","16777216","5727081309.4762","True","8","2","4","0,2,4,6"
"F(S)","repeat","512","4","2","128,128,128,128","10","6065502265.8259","4431617095.46199","6717604004.004","754568986.524211","16227749103965826276","True","16227749103965826276","0.0027675","16777216","6065502265.8259","True","8","2","4","0,2,4,6"
"G(S)","fused","512","4","4","128,128,128,128","10","5316571068.86165","3346508023.57705","5799846510.1808","719013452.694685","15893249788432566952","True","15893249788432566952","0.00631195","33554432","5316571068.86165","True","8","2","4","0,2,4,6"
"F(S)","repeat","512","4","4","128,128,128,128","10","5176511878.45015","1466892478.52412","5664055637.1432","1162348671.99755","15893249788432566952","True","15893249788432566952","0.0064834","33554432","5176511878.45015","True","8","2","4","0,2,4,6"
"G(S)","fused","512","4","8","128,128,128,128","10","5063085763.14641","2270651025.71824","5501899093.24938","970126046.264766","16960448192799020260","True","16960448192799020260","0.0132548","67108864","5063085763.14641","True","8","2","4","0,2,4,6"
"F(S)","repeat","512","4","8","128,128,128,128","10","4961145409.23342","4225653063.66607","5369783076.61532","350738451.065653","16960448192799020260","True","16960448192799020260","0.01352755","67108864","4961145409.23342","True","8","2","4","0,2,4,6"
"G(S)","fused","512","4","16","128,128,128,128","10","4625876438.08839","2082735564.76266","5183572639.60391","947876355.952623","13839699232716738356","True","13839699232716738356","0.0290537","134217728","4625876438.08839","True","8","2","4","0,2,4,6"
"F(S)","repeat","512","4","16","128,128,128,128","10","4325074131.60332","3147171273.07601","4881443436.19865","656597375.523811","13839699232716738356","True","13839699232716738356","0.03105865","134217728","4325074131.60332","True","8","2","4","0,2,4,6"
"G(S)","fused","512","8","1","128,128,128,128","10","6422345066.53572","1180679249.53201","8387769223.07769","1882121619.85468","3842179408685066247","True","3842179408685066247","0.00261255","16777216","6422345066.53572","True","8","2","4","0,2,4,6"
"F(S)","repeat","512","8","1","128,128,128,128","10","5956232206.12139","5350389386.7398","6816681293.67788","457048251.065666","3842179408685066247","True","3842179408685066247","0.0028201","16777216","5956232206.12139","True","8","2","4","0,2,4,6"
"G(S)","fused","512","8","2","128,128,128,128","10","5525182283.73093","1811491165.08576","5924785817.70668","1162025511.31536","10841506427571730443","True","10841506427571730443","0.006073","33554432","5525182283.73093","True","8","2","4","0,2,4,6"
"F(S)","repeat","512","8","2","128,128,128,128","10","5208826360.71123","4026451310.97378","5600900031.71477","460024832.273378","10841506427571730443","True","10841506427571730443","0.00644185","33554432","5208826360.71123","True","8","2","4","0,2,4,6"
"G(S)","fused","512","8","4","128,128,128,128","10","5166952279.72438","4948593339.82244","5544995620.7757","210970377.455355","12407374104176774528","True","12407374104176774528","0.01298965","67108864","5166952279.72438","True","8","2","4","0,2,4,6"
"F(S)","repeat","512","8","4","128,128,128,128","10","5281841593.12925","3847830878.34777","5483825586.71635","455893411.815684","12407374104176774528","True","12407374104176774528","0.0127058","67108864","5281841593.12925","True","8","2","4","0,2,4,6"
"G(S)","fused","512","8","8","128,128,128,128","10","3611539310.27382","1720971771.84108","5314648515.30234","1282917570.78717","15867929085574564979","True","15867929085574564979","0.03913575","134217728","3611539310.27382","True","8","2","4","0,2,4,6"
"F(S)","repeat","512","8","8","128,128,128,128","10","4685770694.26629","1554444440.58394","5479348117.18214","1347030878.7812","15867929085574564979","True","15867929085574564979","0.02868255","134217728","4685770694.26629","True","8","2","4","0,2,4,6"
"G(S)","fused","512","8","16","128,128,128,128","10","2679950544.5782","1742648319.77398","3686626701.44053","524860956.18465","1082386642973797661","True","1082386642973797661","0.1001647","268435456","2679950544.5782","True","8","2","4","0,2,4,6"
"F(S)","repeat","512","8","16","128,128,128,128","10","2762640446.69803","1893986441.86427","4916310250.72801","936529632.799908","1082386642973797661","True","1082386642973797661","0.0971678","268435456","2762640446.69803","True","8","2","4","0,2,4,6"
"G(S)","fused","512","16","1","128,128,128,128","10","5601875534.73399","4135731699.80156","6269864155.31513","730209694.733583","3144505421455985126","True","3144505421455985126","0.0059916","33554432","5601875534.73399","True","8","2","4","0,2,4,6"
"F(S)","repeat","512","16","1","128,128,128,128","10","5557264846.65906","1231617445.18099","5971814622.33929","1730602443.64853","3144505421455985126","True","3144505421455985126","0.00603795","33554432","5557264846.65906","True","8","2","4","0,2,4,6"
"G(S)","fused","512","16","2","128,128,128,128","10","5256986876.78712","762561732.638672","5874632468.15774","1705315072.79349","11696465265078938627","True","11696465265078938627","0.01276615","67108864","5256986876.78712","True","8","2","4","0,2,4,6"
"F(S)","repeat","512","16","2","128,128,128,128","10","5424442888.08734","1302098682.55108","5669845979.67236","1596979956.66734","11696465265078938627","True","11696465265078938627","0.0123716","67108864","5424442888.08734","True","8","2","4","0,2,4,6"
"G(S)","fused","512","16","4","128,128,128,128","10","5375394498.42078","1863907300.21886","5810744040.66118","1456946768.65951","6096183207485726223","True","6096183207485726223","0.02496905","134217728","5375394498.42078","True","8","2","4","0,2,4,6"
"F(S)","repeat","512","16","4","128,128,128,128","10","3669357114.80151","1984832206.22966","5485282340.29597","1140131651.22472","6096183207485726223","True","6096183207485726223","0.03734735","134217728","3669357114.80151","True","8","2","4","0,2,4,6"
"G(S)","fused","512","16","8","128,128,128,128","10","5062131413.92944","3217805588.22084","5399909798.81757","750784583.888337","11436827120084176368","True","11436827120084176368","0.0530284","268435456","5062131413.92944","True","8","2","4","0,2,4,6"
"F(S)","repeat","512","16","8","128,128,128,128","10","4029298728.84373","2444141854.40702","5304775960.12853","1013485351.8091","11436827120084176368","True","11436827120084176368","0.06662625","268435456","4029298728.84373","True","8","2","4","0,2,4,6"
"G(S)","fused","512","16","16","128,128,128,128","10","4930099883.76199","4049062850.23011","5369702514.96527","352071596.223105","16807407504156841981","True","16807407504156841981","0.10890965","536870912","4930099883.76199","True","8","2","4","0,2,4,6"
"F(S)","repeat","512","16","16","128,128,128,128","10","4784519489.91195","3535688162.93629","5304063197.74587","632136283.253443","16807407504156841981","True","16807407504156841981","0.11223705","536870912","4784519489.91195","True","8","2","4","0,2,4,6"
