"invocation","target_kib","sample","variant","D","S","R","O_i","B_i","rows_per_worker","bytes_per_worker","mode","S_tile","iterations","timed_repetitions","warmup","worker_count","worker_list","affinity","affinity_error","affinity_succeeded","timed_repetitions_exact","avx2_supported","kernel_used","eviction_bytes","eviction_checksum","elapsed_seconds","mac_total","mac_per_second","checksum"
"1","512","1","A","512","1","16","1211,1136,683,1066","620032,581632,349696,545792","1211,1136,683,1066","620032,581632,349696,545792","legacy","8","1","8","2","4","0,2,4,6","true,true,true,true","0,0,0,0","true","true","true","avx2","0","0","0.0318881","268435456","8418040000","81541731"
"1","512","1","A","512","1","16","1211,1136,683,1066","620032,581632,349696,545792","1211,1136,683,1066","620032,581632,349696,545792","repeat","8","1","8","2","4","0,2,4,6","true,true,true,true","0,0,0,0","true","true","true","avx2","0","0","0.0220857","268435456","12154300000","81541731"
"1","512","1","A","512","1","16","1211,1136,683,1066","620032,581632,349696,545792","1211,1136,683,1066","620032,581632,349696,545792","fused","8","1","8","2","4","0,2,4,6","true,true,true,true","0,0,0,0","true","true","true","avx2","0","0","0.0099827","268435456","26890100000","81541731"
"2","512","2","A","512","1","16","1211,1136,683,1066","620032,581632,349696,545792","1211,1136,683,1066","620032,581632,349696,545792","legacy","8","1","8","2","4","0,2,4,6","true,true,true,true","0,0,0,0","true","true","true","avx2","0","0","0.0138358","268435456","19401500000","81541731"
"2","512","2","A","512","1","16","1211,1136,683,1066","620032,581632,349696,545792","1211,1136,683,1066","620032,581632,349696,545792","repeat","8","1","8","2","4","0,2,4,6","true,true,true,true","0,0,0,0","true","true","true","avx2","0","0","0.021655","268435456","12396000000","81541731"
"2","512","2","A","512","1","16","1211,1136,683,1066","620032,581632,349696,545792","1211,1136,683,1066","620032,581632,349696,545792","fused","8","1","8","2","4","0,2,4,6","true,true,true,true","0,0,0,0","true","true","true","avx2","0","0","0.0060485","268435456","44380500000","81541731"
"3","512","3","A","512","1","16","1211,1136,683,1066","620032,581632,349696,545792","1211,1136,683,1066","620032,581632,349696,545792","legacy","8","1","8","2","4","0,2,4,6","true,true,true,true","0,0,0,0","true","true","true","avx2","0","0","0.0080871","268435456","33193000000","81541731"
"3","512","3","A","512","1","16","1211,1136,683,1066","620032,581632,349696,545792","1211,1136,683,1066","620032,581632,349696,545792","repeat","8","1","8","2","4","0,2,4,6","true,true,true,true","0,0,0,0","true","true","true","avx2","0","0","0.023758","268435456","11298700000","81541731"
"3","512","3","A","512","1","16","1211,1136,683,1066","620032,581632,349696,545792","1211,1136,683,1066","620032,581632,349696,545792","fused","8","1","8","2","4","0,2,4,6","true,true,true,true","0,0,0,0","true","true","true","avx2","0","0","0.0075124","268435456","35732300000","81541731"
"4","512","4","A","512","1","16","1211,1136,683,1066","620032,581632,349696,545792","1211,1136,683,1066","620032,581632,349696,545792","legacy","8","1","8","2","4","0,2,4,6","true,true,true,true","0,0,0,0","true","true","true","avx2","0","0","0.0361042","268435456","7435020000","81541731"
"4","512","4","A","512","1","16","1211,1136,683,1066","620032,581632,349696,545792","1211,1136,683,1066","620032,581632,349696,545792","repeat","8","1","8","2","4","0,2,4,6","true,true,true,true","0,0,0,0","true","true","true","avx2","0","0","0.0107757","268435456","24911200000","81541731"
"4","512","4","A","512","1","16","1211,1136,683,1066","620032,581632,349696,545792","1211,1136,683,1066","620032,581632,349696,545792","fused","8","1","8","2","4","0,2,4,6","true,true,true,true","0,0,0,0","true","true","true","avx2","0","0","0.0069791","268435456","38462800000","81541731"
"5","512","5","A","512","1","16","1211,1136,683,1066","620032,581632,349696,545792","1211,1136,683,1066","620032,581632,349696,545792","legacy","8","1","8","2","4","0,2,4,6","true,true,true,true","0,0,0,0","true","true","true","avx2","0","0","0.0243001","268435456","11046700000","81541731"
"5","512","5","A","512","1","16","1211,1136,683,1066","620032,581632,349696,545792","1211,1136,683,1066","620032,581632,349696,545792","repeat","8","1","8","2","4","0,2,4,6","true,true,true,true","0,0,0,0","true","true","true","avx2","0","0","0.0102001","268435456","26316900000","81541731"
"5","512","5","A","512","1","16","1211,1136,683,1066","620032,581632,349696,545792","1211,1136,683,1066","620032,581632,349696,545792","fused","8","1","8","2","4","0,2,4,6","true,true,true,true","0,0,0,0","true","true","true","avx2","0","0","0.0071995","268435456","37285300000","81541731"
"6","512","6","A","512","1","16","1211,1136,683,1066","620032,581632,349696,545792","1211,1136,683,1066","620032,581632,349696,545792","legacy","8","1","8","2","4","0,2,4,6","true,true,true,true","0,0,0,0","true","true","true","avx2","0","0","0.024347","268435456","11025400000","81541731"
"6","512","6","A","512","1","16","1211,1136,683,1066","620032,581632,349696,545792","1211,1136,683,1066","620032,581632,349696,545792","repeat","8","1","8","2","4","0,2,4,6","true,true,true,true","0,0,0,0","true","true","true","avx2","0","0","0.0113165","268435456","23720700000","81541731"
"6","512","6","A","512","1","16","1211,1136,683,1066","620032,581632,349696,545792","1211,1136,683,1066","620032,581632,349696,545792","fused","8","1","8","2","4","0,2,4,6","true,true,true,true","0,0,0,0","true","true","true","avx2","0","0","0.0076919","268435456","34898500000","81541731"
"7","512","7","A","512","1","16","1211,1136,683,1066","620032,581632,349696,545792","1211,1136,683,1066","620032,581632,349696,545792","legacy","8","1","8","2","4","0,2,4,6","true,true,true,true","0,0,0,0","true","true","true","avx2","0","0","0.0136823","268435456","19619200000","81541731"
"7","512","7","A","512","1","16","1211,1136,683,1066","620032,581632,349696,545792","1211,1136,683,1066","620032,581632,349696,545792","repeat","8","1","8","2","4","0,2,4,6","true,true,true,true","0,0,0,0","true","true","true","avx2","0","0","0.0111258","268435456","24127300000","81541731"
"7","512","7","A","512","1","16","1211,1136,683,1066","620032,581632,349696,545792","1211,1136,683,1066","620032,581632,349696,545792","fused","8","1","8","2","4","0,2,4,6","true,true,true,true","0,0,0,0","true","true","true","avx2","0","0","0.0087926","268435456","30529700000","81541731"
"8","512","8","A","512","1","16","1211,1136,683,1066","620032,581632,349696,545792","1211,1136,683,1066","620032,581632,349696,545792","legacy","8","1","8","2","4","0,2,4,6","true,true,true,true","0,0,0,0","true","true","true","avx2","0","0","0.0213906","268435456","12549200000","81541731"
"8","512","8","A","512","1","16","1211,1136,683,1066","620032,581632,349696,545792","1211,1136,683,1066","620032,581632,349696,545792","repeat","8","1","8","2","4","0,2,4,6","true,true,true,true","0,0,0,0","true","true","true","avx2","0","0","0.012727","268435456","21091800000","81541731"
"8","512","8","A","512","1","16","1211,1136,683,1066","620032,581632,349696,545792","1211,1136,683,1066","620032,581632,349696,545792","fused","8","1","8","2","4","0,2,4,6","true,true,true,true","0,0,0,0","true","true","true","avx2","0","0","0.007541","268435456","35596800000","81541731"
"9","512","9","A","512","1","16","1211,1136,683,1066","620032,581632,349696,545792","1211,1136,683,1066","620032,581632,349696,545792","legacy","8","1","8","2","4","0,2,4,6","true,true,true,true","0,0,0,0","true","true","true","avx2","0","0","0.0263351","268435456","10193100000","81541731"
"9","512","9","A","512","1","16","1211,1136,683,1066","620032,581632,349696,545792","1211,1136,683,1066","620032,581632,349696,545792","repeat","8","1","8","2","4","0,2,4,6","true,true,true,true","0,0,0,0","true","true","true","avx2","0","0","0.0118828","268435456","22590300000","81541731"
"9","512","9","A","512","1","16","1211,1136,683,1066","620032,581632,349696,545792","1211,1136,683,1066","620032,581632,349696,545792","fused","8","1","8","2","4","0,2,4,6","true,true,true,true","0,0,0,0","true","true","true","avx2","0","0","0.0100693","268435456","26658800000","81541731"
"10","512","10","A","512","1","16","1211,1136,683,1066","620032,581632,349696,545792","1211,1136,683,1066","620032,581632,349696,545792","legacy","8","1","8","2","4","0,2,4,6","true,true,true,true","0,0,0,0","true","true","true","avx2","0","0","0.0254834","268435456","10533700000","81541731"
"10","512","10","A","512","1","16","1211,1136,683,1066","620032,581632,349696,545792","1211,1136,683,1066","620032,581632,349696,545792","repeat","8","1","8","2","4","0,2,4,6","true,true,true,true","0,0,0,0","true","true","true","avx2","0","0","0.0096961","268435456","27684900000","81541731"
"10","512","10","A","512","1","16","1211,1136,683,1066","620032,581632,349696,545792","1211,1136,683,1066","620032,581632,349696,545792","fused","8","1","8","2","4","0,2,4,6","true,true,true,true","0,0,0,0","true","true","true","avx2","0","0","0.010681","268435456","25132100000","81541731"
"11","512","1","B","512","1","16","1211,1136,683,1066","9920512,9306112,5595136,8732672","1211,1136,683,1066","9920512,9306112,5595136,8732672","legacy","8","1","8","2","4","0,2,4,6","true,true,true,true","0,0,0,0","true","true","true","avx2","0","0","0.0090725","268435456","29587800000","18446744073530809057"
"11","512","1","B","512","1","16","1211,1136,683,1066","9920512,9306112,5595136,8732672","1211,1136,683,1066","9920512,9306112,5595136,8732672","repeat","8","1","8","2","4","0,2,4,6","true,true,true,true","0,0,0,0","true","true","true","avx2","0","0","0.009387","268435456","28596500000","18446744073530809057"
"11","512","1","B","512","1","16","1211,1136,683,1066","9920512,9306112,5595136,8732672","1211,1136,683,1066","9920512,9306112,5595136,8732672","fused","8","1","8","2","4","0,2,4,6","true,true,true,true","0,0,0,0","true","true","true","avx2","0","0","0.0092359","268435456","29064400000","18446744073530809057"
"12","512","2","B","512","1","16","1211,1136,683,1066","9920512,9306112,5595136,8732672","1211,1136,683,1066","9920512,9306112,5595136,8732672","legacy","8","1","8","2","4","0,2,4,6","true,true,true,true","0,0,0,0","true","true","true","avx2","0","0","0.008316","268435456","32279400000","18446744073530809057"
"12","512","2","B","512","1","16","1211,1136,683,1066","9920512,9306112,5595136,8732672","1211,1136,683,1066","9920512,9306112,5595136,8732672","repeat","8","1","8","2","4","0,2,4,6","true,true,true,true","0,0,0,0","true","true","true","avx2","0","0","0.0088165","268435456","30446900000","18446744073530809057"
"12","512","2","B","512","1","16","1211,1136,683,1066","9920512,9306112,5595136,8732672","1211,1136,683,1066","9920512,9306112,5595136,8732672","fused","8","1","8","2","4","0,2,4,6","true,true,true,true","0,0,0,0","true","true","true","avx2","0","0","0.0083199","268435456","32264300000","18446744073530809057"
"13","512","3","B","512","1","16","1211,1136,683,1066","9920512,9306112,5595136,8732672","1211,1136,683,1066","9920512,9306112,5595136,8732672","legacy","8","1","8","2","4","0,2,4,6","true,true,true,true","0,0,0,0","true","true","true","avx2","0","0","0.0069397","268435456","38681100000","18446744073530809057"
"13","512","3","B","512","1","16","1211,1136,683,1066","9920512,9306112,5595136,8732672","1211,1136,683,1066","9920512,9306112,5595136,8732672","repeat","8","1","8","2","4","0,2,4,6","true,true,true,true","0,0,0,0","true","true","true","avx2","0","0","0.0106748","268435456","25146600000","18446744073530809057"
"13","512","3","B","512","1","16","1211,1136,683,1066","9920512,9306112,5595136,8732672","1211,1136,683,1066","9920512,9306112,5595136,8732672","fused","8","1","8","2","4","0,2,4,6","true,true,true,true","0,0,0,0","true","true","true","avx2","0","0","0.0081859","268435456","32792400000","18446744073530809057"
"14","512","4","B","512","1","16","1211,1136,683,1066","9920512,9306112,5595136,8732672","1211,1136,683,1066","9920512,9306112,5595136,8732672","legacy","8","1","8","2","4","0,2,4,6","true,true,true,true","0,0,0,0","true","true","true","avx2","0","0","0.0085751","268435456","31304100000","18446744073530809057"
"14","512","4","B","512","1","16","1211,1136,683,1066","9920512,9306112,5595136,8732672","1211,1136,683,1066","9920512,9306112,5595136,8732672","repeat","8","1","8","2","4","0,2,4,6","true,true,true,true","0,0,0,0","true","true","true","avx2","0","0","0.0091234","268435456","29422700000","18446744073530809057"
"14","512","4","B","512","1","16","1211,1136,683,1066","9920512,9306112,5595136,8732672","1211,1136,683,1066","9920512,9306112,5595136,8732672","fused","8","1","8","2","4","0,2,4,6","true,true,true,true","0,0,0,0","true","true","true","avx2","0","0","0.0081978","268435456","32744800000","18446744073530809057"
"15","512","5","B","512","1","16","1211,1136,683,1066","9920512,9306112,5595136,8732672","1211,1136,683,1066","9920512,9306112,5595136,8732672","legacy","8","1","8","2","4","0,2,4,6","true,true,true,true","0,0,0,0","true","true","true","avx2","0","0","0.0067176","268435456","39960000000","18446744073530809057"
"15","512","5","B","512","1","16","1211,1136,683,1066","9920512,9306112,5595136,8732672","1211,1136,683,1066","9920512,9306112,5595136,8732672","repeat","8","1","8","2","4","0,2,4,6","true,true,true,true","0,0,0,0","true","true","true","avx2","0","0","0.0092991","268435456","28866800000","18446744073530809057"
"15","512","5","B","512","1","16","1211,1136,683,1066","9920512,9306112,5595136,8732672","1211,1136,683,1066","9920512,9306112,5595136,8732672","fused","8","1","8","2","4","0,2,4,6","true,true,true,true","0,0,0,0","true","true","true","avx2","0","0","0.0090727","268435456","29587200000","18446744073530809057"
"16","512","6","B","512","1","16","1211,1136,683,1066","9920512,9306112,5595136,8732672","1211,1136,683,1066","9920512,9306112,5595136,8732672","legacy","8","1","8","2","4","0,2,4,6","true,true,true,true","0,0,0,0","true","true","true","avx2","0","0","0.0090085","268435456","29798000000","18446744073530809057"
"16","512","6","B","512","1","16","1211,1136,683,1066","9920512,9306112,5595136,8732672","1211,1136,683,1066","9920512,9306112,5595136,8732672","repeat","8","1","8","2","4","0,2,4,6","true,true,true,true","0,0,0,0","true","true","true","avx2","0","0","0.0104232","268435456","25753700000","18446744073530809057"
"16","512","6","B","512","1","16","1211,1136,683,1066","9920512,9306112,5595136,8732672","1211,1136,683,1066","9920512,9306112,5595136,8732672","fused","8","1","8","2","4","0,2,4,6","true,true,true,true","0,0,0,0","true","true","true","avx2","0","0","0.0095525","268435456","28101100000","18446744073530809057"
"17","512","7","B","512","1","16","1211,1136,683,1066","9920512,9306112,5595136,8732672","1211,1136,683,1066","9920512,9306112,5595136,8732672","legacy","8","1","8","2","4","0,2,4,6","true,true,true,true","0,0,0,0","true","true","true","avx2","0","0","0.0365634","268435456","7341640000","18446744073530809057"
"17","512","7","B","512","1","16","1211,1136,683,1066","9920512,9306112,5595136,8732672","1211,1136,683,1066","9920512,9306112,5595136,8732672","repeat","8","1","8","2","4","0,2,4,6","true,true,true,true","0,0,0,0","true","true","true","avx2","0","0","0.0093401","268435456","28740100000","18446744073530809057"
"17","512","7","B","512","1","16","1211,1136,683,1066","9920512,9306112,5595136,8732672","1211,1136,683,1066","9920512,9306112,5595136,8732672","fused","8","1","8","2","4","0,2,4,6","true,true,true,true","0,0,0,0","true","true","true","avx2","0","0","0.0360496","268435456","7446280000","18446744073530809057"
"18","512","8","B","512","1","16","1211,1136,683,1066","9920512,9306112,5595136,8732672","1211,1136,683,1066","9920512,9306112,5595136,8732672","legacy","8","1","8","2","4","0,2,4,6","true,true,true,true","0,0,0,0","true","true","true","avx2","0","0","0.0141192","268435456","19012100000","18446744073530809057"
"18","512","8","B","512","1","16","1211,1136,683,1066","9920512,9306112,5595136,8732672","1211,1136,683,1066","9920512,9306112,5595136,8732672","repeat","8","1","8","2","4","0,2,4,6","true,true,true,true","0,0,0,0","true","true","true","avx2","0","0","0.0096779","268435456","27737000000","18446744073530809057"
"18","512","8","B","512","1","16","1211,1136,683,1066","9920512,9306112,5595136,8732672","1211,1136,683,1066","9920512,9306112,5595136,8732672","fused","8","1","8","2","4","0,2,4,6","true,true,true,true","0,0,0,0","true","true","true","avx2","0","0","0.0352585","268435456","7613350000","18446744073530809057"
"19","512","9","B","512","1","16","1211,1136,683,1066","9920512,9306112,5595136,8732672","1211,1136,683,1066","9920512,9306112,5595136,8732672","legacy","8","1","8","2","4","0,2,4,6","true,true,true,true","0,0,0,0","true","true","true","avx2","0","0","0.0080134","268435456","33498300000","18446744073530809057"
"19","512","9","B","512","1","16","1211,1136,683,1066","9920512,9306112,5595136,8732672","1211,1136,683,1066","9920512,9306112,5595136,8732672","repeat","8","1","8","2","4","0,2,4,6","true,true,true,true","0,0,0,0","true","true","true","avx2","0","0","0.0112236","268435456","23917100000","18446744073530809057"
"19","512","9","B","512","1","16","1211,1136,683,1066","9920512,9306112,5595136,8732672","1211,1136,683,1066","9920512,9306112,5595136,8732672","fused","8","1","8","2","4","0,2,4,6","true,true,true,true","0,0,0,0","true","true","true","avx2","0","0","0.0081955","268435456","32754000000","18446744073530809057"
"20","512","10","B","512","1","16","1211,1136,683,1066","9920512,9306112,5595136,8732672","1211,1136,683,1066","9920512,9306112,5595136,8732672","legacy","8","1","8","2","4","0,2,4,6","true,true,true,true","0,0,0,0","true","true","true","avx2","0","0","0.0115776","268435456","23185800000","18446744073530809057"
"20","512","10","B","512","1","16","1211,1136,683,1066","9920512,9306112,5595136,8732672","1211,1136,683,1066","9920512,9306112,5595136,8732672","repeat","8","1","8","2","4","0,2,4,6","true,true,true,true","0,0,0,0","true","true","true","avx2","0","0","0.0104274","268435456","25743300000","18446744073530809057"
"20","512","10","B","512","1","16","1211,1136,683,1066","9920512,9306112,5595136,8732672","1211,1136,683,1066","9920512,9306112,5595136,8732672","fused","8","1","8","2","4","0,2,4,6","true,true,true,true","0,0,0,0","true","true","true","avx2","0","0","0.0104239","268435456","25751900000","18446744073530809057"
"21","768","1","A","512","1","16","1816,1705,1023,1600","929792,872960,523776,819200","1816,1705,1023,1600","929792,872960,523776,819200","legacy","8","1","8","2","4","0,2,4,6","true,true,true,true","0,0,0,0","true","true","true","avx2","0","0","0.0235886","402653184","17069800000","18446744073656903484"
"21","768","1","A","512","1","16","1816,1705,1023,1600","929792,872960,523776,819200","1816,1705,1023,1600","929792,872960,523776,819200","repeat","8","1","8","2","4","0,2,4,6","true,true,true,true","0,0,0,0","true","true","true","avx2","0","0","0.0129048","402653184","31201800000","18446744073656903484"
"21","768","1","A","512","1","16","1816,1705,1023,1600","929792,872960,523776,819200","1816,1705,1023,1600","929792,872960,523776,819200","fused","8","1","8","2","4","0,2,4,6","true,true,true,true","0,0,0,0","true","true","true","avx2","0","0","0.0112141","402653184","35906000000","18446744073656903484"
"22","768","2","A","512","1","16","1816,1705,1023,1600","929792,872960,523776,819200","1816,1705,1023,1600","929792,872960,523776,819200","legacy","8","1","8","2","4","0,2,4,6","true,true,true,true","0,0,0,0","true","true","true","avx2","0","0","0.0258005","402653184","15606400000","18446744073656903484"
"22","768","2","A","512","1","16","1816,1705,1023,1600","929792,872960,523776,819200","1816,1705,1023,1600","929792,872960,523776,819200","repeat","8","1","8","2","4","0,2,4,6","true,true,true,true","0,0,0,0","true","true","true","avx2","0","0","0.0157817","402653184","25513900000","18446744073656903484"
"22","768","2","A","512","1","16","1816,1705,1023,1600","929792,872960,523776,819200","1816,1705,1023,1600","929792,872960,523776,819200","fused","8","1","8","2","4","0,2,4,6","true,true,true,true","0,0,0,0","true","true","true","avx2","0","0","0.0132289","402653184","30437400000","18446744073656903484"
"23","768","3","A","512","1","16","1816,1705,1023,1600","929792,872960,523776,819200","1816,1705,1023,1600","929792,872960,523776,819200","legacy","8","1","8","2","4","0,2,4,6","true,true,true,true","0,0,0,0","true","true","true","avx2","0","0","0.0276952","402653184","14538700000","18446744073656903484"
"23","768","3","A","512","1","16","1816,1705,1023,1600","929792,872960,523776,819200","1816,1705,1023,1600","929792,872960,523776,819200","repeat","8","1","8","2","4","0,2,4,6","true,true,true,true","0,0,0,0","true","true","true","avx2","0","0","0.0295296","402653184","13635600000","18446744073656903484"
"23","768","3","A","512","1","16","1816,1705,1023,1600","929792,872960,523776,819200","1816,1705,1023,1600","929792,872960,523776,819200","fused","8","1","8","2","4","0,2,4,6","true,true,true,true","0,0,0,0","true","true","true","avx2","0","0","0.0138262","402653184","29122500000","18446744073656903484"
"24","768","4","A","512","1","16","1816,1705,1023,1600","929792,872960,523776,819200","1816,1705,1023,1600","929792,872960,523776,819200","legacy","8","1","8","2","4","0,2,4,6","true,true,true,true","0,0,0,0","true","true","true","avx2","0","0","0.0235399","402653184","17105100000","18446744073656903484"
"24","768","4","A","512","1","16","1816,1705,1023,1600","929792,872960,523776,819200","1816,1705,1023,1600","929792,872960,523776,819200","repeat","8","1","8","2","4","0,2,4,6","true,true,true,true","0,0,0,0","true","true","true","avx2","0","0","0.0162919","402653184","24714900000","18446744073656903484"
"24","768","4","A","512","1","16","1816,1705,1023,1600","929792,872960,523776,819200","1816,1705,1023,1600","929792,872960,523776,819200","fused","8","1","8","2","4","0,2,4,6","true,true,true,true","0,0,0,0","true","true","true","avx2","0","0","0.0132368","402653184","30419200000","18446744073656903484"
"25","768","5","A","512","1","16","1816,1705,1023,1600","929792,872960,523776,819200","1816,1705,1023,1600","929792,872960,523776,819200","legacy","8","1","8","2","4","0,2,4,6","true,true,true,true","0,0,0,0","true","true","true","avx2","0","0","0.0213406","402653184","18867900000","18446744073656903484"
"25","768","5","A","512","1","16","1816,1705,1023,1600","929792,872960,523776,819200","1816,1705,1023,1600","929792,872960,523776,819200","repeat","8","1","8","2","4","0,2,4,6","true,true,true,true","0,0,0,0","true","true","true","avx2","0","0","0.0149536","402653184","26926800000","18446744073656903484"
"25","768","5","A","512","1","16","1816,1705,1023,1600","929792,872960,523776,819200","1816,1705,1023,1600","929792,872960,523776,819200","fused","8","1","8","2","4","0,2,4,6","true,true,true,true","0,0,0,0","true","true","true","avx2","0","0","0.0109361","402653184","36818700000","18446744073656903484"
"26","768","6","A","512","1","16","1816,1705,1023,1600","929792,872960,523776,819200","1816,1705,1023,1600","929792,872960,523776,819200","legacy","8","1","8","2","4","0,2,4,6","true,true,true,true","0,0,0,0","true","true","true","avx2","0","0","0.0301641","402653184","13348800000","18446744073656903484"
"26","768","6","A","512","1","16","1816,1705,1023,1600","929792,872960,523776,819200","1816,1705,1023,1600","929792,872960,523776,819200","repeat","8","1","8","2","4","0,2,4,6","true,true,true,true","0,0,0,0","true","true","true","avx2","0","0","0.0167911","402653184","23980200000","18446744073656903484"
"26","768","6","A","512","1","16","1816,1705,1023,1600","929792,872960,523776,819200","1816,1705,1023,1600","929792,872960,523776,819200","fused","8","1","8","2","4","0,2,4,6","true,true,true,true","0,0,0,0","true","true","true","avx2","0","0","0.0340248","402653184","11834100000","18446744073656903484"
"27","768","7","A","512","1","16","1816,1705,1023,1600","929792,872960,523776,819200","1816,1705,1023,1600","929792,872960,523776,819200","legacy","8","1","8","2","4","0,2,4,6","true,true,true,true","0,0,0,0","true","true","true","avx2","0","0","0.0860178","402653184","4681040000","18446744073656903484"
"27","768","7","A","512","1","16","1816,1705,1023,1600","929792,872960,523776,819200","1816,1705,1023,1600","929792,872960,523776,819200","repeat","8","1","8","2","4","0,2,4,6","true,true,true,true","0,0,0,0","true","true","true","avx2","0","0","0.0153132","402653184","26294500000","18446744073656903484"
"27","768","7","A","512","1","16","1816,1705,1023,1600","929792,872960,523776,819200","1816,1705,1023,1600","929792,872960,523776,819200","fused","8","1","8","2","4","0,2,4,6","true,true,true,true","0,0,0,0","true","true","true","avx2","0","0","0.0096537","402653184","41709700000","18446744073656903484"
"28","768","8","A","512","1","16","1816,1705,1023,1600","929792,872960,523776,819200","1816,1705,1023,1600","929792,872960,523776,819200","legacy","8","1","8","2","4","0,2,4,6","true,true,true,true","0,0,0,0","true","true","true","avx2","0","0","0.160902","402653184","2502480000","18446744073656903484"
"28","768","8","A","512","1","16","1816,1705,1023,1600","929792,872960,523776,819200","1816,1705,1023,1600","929792,872960,523776,819200","repeat","8","1","8","2","4","0,2,4,6","true,true,true,true","0,0,0,0","true","true","true","avx2","0","0","0.0148247","402653184","27161000000","18446744073656903484"
"28","768","8","A","512","1","16","1816,1705,1023,1600","929792,872960,523776,819200","1816,1705,1023,1600","929792,872960,523776,819200","fused","8","1","8","2","4","0,2,4,6","true,true,true,true","0,0,0,0","true","true","true","avx2","0","0","0.0108356","402653184","37160200000","18446744073656903484"
"29","768","9","A","512","1","16","1816,1705,1023,1600","929792,872960,523776,819200","1816,1705,1023,1600","929792,872960,523776,819200","legacy","8","1","8","2","4","0,2,4,6","true,true,true,true","0,0,0,0","true","true","true","avx2","0","0","0.027797","402653184","14485500000","18446744073656903484"
"29","768","9","A","512","1","16","1816,1705,1023,1600","929792,872960,523776,819200","1816,1705,1023,1600","929792,872960,523776,819200","repeat","8","1","8","2","4","0,2,4,6","true,true,true,true","0,0,0,0","true","true","true","avx2","0","0","0.121793","402653184","3306050000","18446744073656903484"
"29","768","9","A","512","1","16","1816,1705,1023,1600","929792,872960,523776,819200","1816,1705,1023,1600","929792,872960,523776,819200","fused","8","1","8","2","4","0,2,4,6","true,true,true,true","0,0,0,0","true","true","true","avx2","0","0","0.0086559","402653184","46517800000","18446744073656903484"
"30","768","10","A","512","1","16","1816,1705,1023,1600","929792,872960,523776,819200","1816,1705,1023,1600","929792,872960,523776,819200","legacy","8","1","8","2","4","0,2,4,6","true,true,true,true","0,0,0,0","true","true","true","avx2","0","0","0.0334713","402653184","12029800000","18446744073656903484"
"30","768","10","A","512","1","16","1816,1705,1023,1600","929792,872960,523776,819200","1816,1705,1023,1600","929792,872960,523776,819200","repeat","8","1","8","2","4","0,2,4,6","true,true,true,true","0,0,0,0","true","true","true","avx2","0","0","0.0172276","402653184","23372600000","18446744073656903484"
"30","768","10","A","512","1","16","1816,1705,1023,1600","929792,872960,523776,819200","1816,1705,1023,1600","929792,872960,523776,819200","fused","8","1","8","2","4","0,2,4,6","true,true,true,true","0,0,0,0","true","true","true","avx2","0","0","0.0140141","402653184","28732000000","18446744073656903484"
"31","768","1","B","512","1","16","1816,1705,1023,1600","14876672,13967360,8380416,13107200","1816,1705,1023,1600","14876672,13967360,8380416,13107200","legacy","8","1","8","2","4","0,2,4,6","true,true,true,true","0,0,0,0","true","true","true","avx2","0","0","0.0114398","402653184","35197600000","18446744072675525801"
"31","768","1","B","512","1","16","1816,1705,1023,1600","14876672,13967360,8380416,13107200","1816,1705,1023,1600","14876672,13967360,8380416,13107200","repeat","8","1","8","2","4","0,2,4,6","true,true,true,true","0,0,0,0","true","true","true","avx2","0","0","0.0664295","402653184","6061360000","18446744072675525801"
"31","768","1","B","512","1","16","1816,1705,1023,1600","14876672,13967360,8380416,13107200","1816,1705,1023,1600","14876672,13967360,8380416,13107200","fused","8","1","8","2","4","0,2,4,6","true,true,true,true","0,0,0,0","true","true","true","avx2","0","0","0.0108913","402653184","36970200000","18446744072675525801"
"32","768","2","B","512","1","16","1816,1705,1023,1600","14876672,13967360,8380416,13107200","1816,1705,1023,1600","14876672,13967360,8380416,13107200","legacy","8","1","8","2","4","0,2,4,6","true,true,true,true","0,0,0,0","true","true","true","avx2","0","0","0.0155874","402653184","25832000000","18446744072675525801"
"32","768","2","B","512","1","16","1816,1705,1023,1600","14876672,13967360,8380416,13107200","1816,1705,1023,1600","14876672,13967360,8380416,13107200","repeat","8","1","8","2","4","0,2,4,6","true,true,true,true","0,0,0,0","true","true","true","avx2","0","0","0.0218409","402653184","18435700000","18446744072675525801"
"32","768","2","B","512","1","16","1816,1705,1023,1600","14876672,13967360,8380416,13107200","1816,1705,1023,1600","14876672,13967360,8380416,13107200","fused","8","1","8","2","4","0,2,4,6","true,true,true,true","0,0,0,0","true","true","true","avx2","0","0","0.0276144","402653184","14581300000","18446744072675525801"
"33","768","3","B","512","1","16","1816,1705,1023,1600","14876672,13967360,8380416,13107200","1816,1705,1023,1600","14876672,13967360,8380416,13107200","legacy","8","1","8","2","4","0,2,4,6","true,true,true,true","0,0,0,0","true","true","true","avx2","0","0","0.0110535","402653184","36427700000","18446744072675525801"
"33","768","3","B","512","1","16","1816,1705,1023,1600","14876672,13967360,8380416,13107200","1816,1705,1023,1600","14876672,13967360,8380416,13107200","repeat","8","1","8","2","4","0,2,4,6","true,true,true,true","0,0,0,0","true","true","true","avx2","0","0","0.0164146","402653184","24530200000","18446744072675525801"
"33","768","3","B","512","1","16","1816,1705,1023,1600","14876672,13967360,8380416,13107200","1816,1705,1023,1600","14876672,13967360,8380416,13107200","fused","8","1","8","2","4","0,2,4,6","true,true,true,true","0,0,0,0","true","true","true","avx2","0","0","0.0138578","402653184","29056100000","18446744072675525801"
"34","768","4","B","512","1","16","1816,1705,1023,1600","14876672,13967360,8380416,13107200","1816,1705,1023,1600","14876672,13967360,8380416,13107200","legacy","8","1","8","2","4","0,2,4,6","true,true,true,true","0,0,0,0","true","true","true","avx2","0","0","0.0120647","402653184","33374500000","18446744072675525801"
"34","768","4","B","512","1","16","1816,1705,1023,1600","14876672,13967360,8380416,13107200","1816,1705,1023,1600","14876672,13967360,8380416,13107200","repeat","8","1","8","2","4","0,2,4,6","true,true,true,true","0,0,0,0","true","true","true","avx2","0","0","0.014331","402653184","28096700000","18446744072675525801"
"34","768","4","B","512","1","16","1816,1705,1023,1600","14876672,13967360,8380416,13107200","1816,1705,1023,1600","14876672,13967360,8380416,13107200","fused","8","1","8","2","4","0,2,4,6","true,true,true,true","0,0,0,0","true","true","true","avx2","0","0","0.0181854","402653184","22141600000","18446744072675525801"
"35","768","5","B","512","1","16","1816,1705,1023,1600","14876672,13967360,8380416,13107200","1816,1705,1023,1600","14876672,13967360,8380416,13107200","legacy","8","1","8","2","4","0,2,4,6","true,true,true,true","0,0,0,0","true","true","true","avx2","0","0","0.0112126","402653184","35910800000","18446744072675525801"
"35","768","5","B","512","1","16","1816,1705,1023,1600","14876672,13967360,8380416,13107200","1816,1705,1023,1600","14876672,13967360,8380416,13107200","repeat","8","1","8","2","4","0,2,4,6","true,true,true,true","0,0,0,0","true","true","true","avx2","0","0","0.0142628","402653184","28231000000","18446744072675525801"
"35","768","5","B","512","1","16","1816,1705,1023,1600","14876672,13967360,8380416,13107200","1816,1705,1023,1600","14876672,13967360,8380416,13107200","fused","8","1","8","2","4","0,2,4,6","true,true,true,true","0,0,0,0","true","true","true","avx2","0","0","0.0136088","402653184","29587700000","18446744072675525801"
"36","768","6","B","512","1","16","1816,1705,1023,1600","14876672,13967360,8380416,13107200","1816,1705,1023,1600","14876672,13967360,8380416,13107200","legacy","8","1","8","2","4","0,2,4,6","true,true,true,true","0,0,0,0","true","true","true","avx2","0","0","0.0120273","402653184","33478300000","18446744072675525801"
"36","768","6","B","512","1","16","1816,1705,1023,1600","14876672,13967360,8380416,13107200","1816,1705,1023,1600","14876672,13967360,8380416,13107200","repeat","8","1","8","2","4","0,2,4,6","true,true,true,true","0,0,0,0","true","true","true","avx2","0","0","0.0142229","402653184","28310200000","18446744072675525801"
"36","768","6","B","512","1","16","1816,1705,1023,1600","14876672,13967360,8380416,13107200","1816,1705,1023,1600","14876672,13967360,8380416,13107200","fused","8","1","8","2","4","0,2,4,6","true,true,true,true","0,0,0,0","true","true","true","avx2","0","0","0.0116146","402653184","34667800000","18446744072675525801"
"37","768","7","B","512","1","16","1816,1705,1023,1600","14876672,13967360,8380416,13107200","1816,1705,1023,1600","14876672,13967360,8380416,13107200","legacy","8","1","8","2","4","0,2,4,6","true,true,true,true","0,0,0,0","true","true","true","avx2","0","0","0.0116033","402653184","34701600000","18446744072675525801"
"37","768","7","B","512","1","16","1816,1705,1023,1600","14876672,13967360,8380416,13107200","1816,1705,1023,1600","14876672,13967360,8380416,13107200","repeat","8","1","8","2","4","0,2,4,6","true,true,true,true","0,0,0,0","true","true","true","avx2","0","0","0.0137182","402653184","29351800000","18446744072675525801"
"37","768","7","B","512","1","16","1816,1705,1023,1600","14876672,13967360,8380416,13107200","1816,1705,1023,1600","14876672,13967360,8380416,13107200","fused","8","1","8","2","4","0,2,4,6","true,true,true,true","0,0,0,0","true","true","true","avx2","0","0","0.010962","402653184","36731700000","18446744072675525801"
"38","768","8","B","512","1","16","1816,1705,1023,1600","14876672,13967360,8380416,13107200","1816,1705,1023,1600","14876672,13967360,8380416,13107200","legacy","8","1","8","2","4","0,2,4,6","true,true,true,true","0,0,0,0","true","true","true","avx2","0","0","0.0590523","402653184","6818590000","18446744072675525801"
"38","768","8","B","512","1","16","1816,1705,1023,1600","14876672,13967360,8380416,13107200","1816,1705,1023,1600","14876672,13967360,8380416,13107200","repeat","8","1","8","2","4","0,2,4,6","true,true,true,true","0,0,0,0","true","true","true","avx2","0","0","0.0129444","402653184","31106400000","18446744072675525801"
"38","768","8","B","512","1","16","1816,1705,1023,1600","14876672,13967360,8380416,13107200","1816,1705,1023,1600","14876672,13967360,8380416,13107200","fused","8","1","8","2","4","0,2,4,6","true,true,true,true","0,0,0,0","true","true","true","avx2","0","0","0.0123842","402653184","32513500000","18446744072675525801"
"39","768","9","B","512","1","16","1816,1705,1023,1600","14876672,13967360,8380416,13107200","1816,1705,1023,1600","14876672,13967360,8380416,13107200","legacy","8","1","8","2","4","0,2,4,6","true,true,true,true","0,0,0,0","true","true","true","avx2","0","0","0.0765609","402653184","5259250000","18446744072675525801"
"39","768","9","B","512","1","16","1816,1705,1023,1600","14876672,13967360,8380416,13107200","1816,1705,1023,1600","14876672,13967360,8380416,13107200","repeat","8","1","8","2","4","0,2,4,6","true,true,true,true","0,0,0,0","true","true","true","avx2","0","0","0.0143504","402653184","28058700000","18446744072675525801"
"39","768","9","B","512","1","16","1816,1705,1023,1600","14876672,13967360,8380416,13107200","1816,1705,1023,1600","14876672,13967360,8380416,13107200","fused","8","1","8","2","4","0,2,4,6","true,true,true,true","0,0,0,0","true","true","true","avx2","0","0","0.0187019","402653184","21530100000","18446744072675525801"
"40","768","10","B","512","1","16","1816,1705,1023,1600","14876672,13967360,8380416,13107200","1816,1705,1023,1600","14876672,13967360,8380416,13107200","legacy","8","1","8","2","4","0,2,4,6","true,true,true,true","0,0,0,0","true","true","true","avx2","0","0","0.0134311","402653184","29979200000","18446744072675525801"
"40","768","10","B","512","1","16","1816,1705,1023,1600","14876672,13967360,8380416,13107200","1816,1705,1023,1600","14876672,13967360,8380416,13107200","repeat","8","1","8","2","4","0,2,4,6","true,true,true,true","0,0,0,0","true","true","true","avx2","0","0","0.0142556","402653184","28245300000","18446744072675525801"
"40","768","10","B","512","1","16","1816,1705,1023,1600","14876672,13967360,8380416,13107200","1816,1705,1023,1600","14876672,13967360,8380416,13107200","fused","8","1","8","2","4","0,2,4,6","true,true,true,true","0,0,0,0","true","true","true","avx2","0","0","0.0129648","402653184","31057400000","18446744072675525801"
