project_version,gate,D,S,R,total_rows,kernel,variant,transition,timing_scope,slot_tile,seed,phase_profile,require_affinity,projection_shift,state_multiplier,output_multiplier,final_shift,target_rms,epsilon,warmup_repetitions,timed_repetitions,sequences_per_repetition,worker_count,allow_smt_siblings,cpus,physical_cores,rows,base_weight_bytes,allocated_weight_bytes,logical_weight_load_bytes,one_pass_weight_bytes,distinct_weight_storage_bytes,elapsed_seconds,mac_total,mac_per_second,logical_weight_load_gb_per_second,one_pass_weight_gb_per_second,output_checksum,state_checksum,round_sink,weight_hash_signature,clone_hashes_equal,clone_addresses_distinct,all_affinity_succeeded,clipped_cells,transition_cells,worker_compute_seconds,worker_transition_seconds,worker_sync_seconds,worker_cold_seconds,worker_affinity_errors,valid,error,batch_repeat,variant_order
0.4.1,t0r,1472,1,4,1472,avx2-fused,shared,frozen,full-repetition,4,3221342974,false,true,12,1,1,0,32,9.9999999999999995e-07,2,4,1,4,false,"0;2;4;6","0;1;2;3","449;318;353;352",2166784,2166784,34668544,34668544,2166784,0.0005218,34668544,66440291299.348412,66.440291299348416,66.440291299348416,1930731594294032454,9927959260608650301,12536859496570096588,11255046554403909569,false,false,true,0,0,"0;0;0;0","0;0;0;0","0;0;0;0","0;0;0;0","0;0;0;0",true,"",1,1
0.4.1,t0r,1472,1,4,1472,avx2-fused,clone,frozen,full-repetition,4,3221342974,false,true,12,1,1,0,32,9.9999999999999995e-07,2,4,1,4,false,"0;2;4;6","0;1;2;3","449;318;353;352",2166784,8667136,34668544,34668544,8667136,0.00053180000000000002,34668544,65190943963.896202,65.190943963896203,65.190943963896203,1930731594294032454,9927959260608650301,12536859496570096588,11255046554403909569,true,true,true,0,0,"0;0;0;0","0;0;0;0","0;0;0;0","0;0;0;0","0;0;0;0",true,"",1,2
0.4.1,t0r,1472,1,8,1472,avx2-fused,shared,frozen,full-repetition,4,3221342974,false,true,12,1,1,0,32,9.9999999999999995e-07,2,4,1,4,false,"0;2;4;6","0;1;2;3","449;318;353;352",2166784,2166784,69337088,69337088,2166784,0.0011594000000000001,69337088,59804284974.987061,59.804284974987063,59.804284974987063,1930731594294032454,9927959260608650301,12288815033314867580,11255046554403909569,false,false,true,0,0,"0;0;0;0","0;0;0;0","0;0;0;0","0;0;0;0","0;0;0;0",true,"",1,1
0.4.1,t0r,1472,1,8,1472,avx2-fused,clone,frozen,full-repetition,4,3221342974,false,true,12,1,1,0,32,9.9999999999999995e-07,2,4,1,4,false,"0;2;4;6","0;1;2;3","449;318;353;352",2166784,17334272,69337088,69337088,17334272,0.0011724999999999999,69337088,59136109168.443497,59.136109168443497,59.136109168443497,1930731594294032454,9927959260608650301,12288815033314867580,11255046554403909569,true,true,true,0,0,"0;0;0;0","0;0;0;0","0;0;0;0","0;0;0;0","0;0;0;0",true,"",1,2
0.4.1,t0r,1472,1,4,1472,avx2-fused,clone,frozen,full-repetition,4,3221342974,false,true,12,1,1,0,32,9.9999999999999995e-07,2,4,1,4,false,"0;2;4;6","0;1;2;3","449;318;353;352",2166784,8667136,34668544,34668544,8667136,0.00035760000000000002,34668544,96947829977.628632,96.947829977628629,96.947829977628629,1930731594294032454,9927959260608650301,12536859496570096588,11255046554403909569,true,true,true,0,0,"0;0;0;0","0;0;0;0","0;0;0;0","0;0;0;0","0;0;0;0",true,"",2,1
0.4.1,t0r,1472,1,4,1472,avx2-fused,shared,frozen,full-repetition,4,3221342974,false,true,12,1,1,0,32,9.9999999999999995e-07,2,4,1,4,false,"0;2;4;6","0;1;2;3","449;318;353;352",2166784,2166784,34668544,34668544,2166784,0.00054350000000000004,34668544,63787569457.22171,63.787569457221707,63.787569457221707,1930731594294032454,9927959260608650301,12536859496570096588,11255046554403909569,false,false,true,0,0,"0;0;0;0","0;0;0;0","0;0;0;0","0;0;0;0","0;0;0;0",true,"",2,2
0.4.1,t0r,1472,1,8,1472,avx2-fused,clone,frozen,full-repetition,4,3221342974,false,true,12,1,1,0,32,9.9999999999999995e-07,2,4,1,4,false,"0;2;4;6","0;1;2;3","449;318;353;352",2166784,17334272,69337088,69337088,17334272,0.0013625,69337088,50889605871.559631,50.889605871559631,50.889605871559631,1930731594294032454,9927959260608650301,12288815033314867580,11255046554403909569,true,true,true,0,0,"0;0;0;0","0;0;0;0","0;0;0;0","0;0;0;0","0;0;0;0",true,"",2,1
0.4.1,t0r,1472,1,8,1472,avx2-fused,shared,frozen,full-repetition,4,3221342974,false,true,12,1,1,0,32,9.9999999999999995e-07,2,4,1,4,false,"0;2;4;6","0;1;2;3","449;318;353;352",2166784,2166784,69337088,69337088,2166784,0.00077340000000000004,69337088,89652298939.746567,89.652298939746572,89.652298939746572,1930731594294032454,9927959260608650301,12288815033314867580,11255046554403909569,false,false,true,0,0,"0;0;0;0","0;0;0;0","0;0;0;0","0;0;0;0","0;0;0;0",true,"",2,2
0.4.1,t0r,1472,1,4,1472,avx2-fused,shared,frozen,full-repetition,4,3221342974,false,true,12,1,1,0,32,9.9999999999999995e-07,2,4,1,4,false,"0;2;4;6","0;1;2;3","449;318;353;352",2166784,2166784,34668544,34668544,2166784,0.00036680000000000003,34668544,94516205016.357681,94.516205016357688,94.516205016357688,1930731594294032454,9927959260608650301,12536859496570096588,11255046554403909569,false,false,true,0,0,"0;0;0;0","0;0;0;0","0;0;0;0","0;0;0;0","0;0;0;0",true,"",3,1
0.4.1,t0r,1472,1,4,1472,avx2-fused,clone,frozen,full-repetition,4,3221342974,false,true,12,1,1,0,32,9.9999999999999995e-07,2,4,1,4,false,"0;2;4;6","0;1;2;3","449;318;353;352",2166784,8667136,34668544,34668544,8667136,0.00033149999999999998,34668544,104580826546.00302,104.58082654600302,104.58082654600302,1930731594294032454,9927959260608650301,12536859496570096588,11255046554403909569,true,true,true,0,0,"0;0;0;0","0;0;0;0","0;0;0;0","0;0;0;0","0;0;0;0",true,"",3,2
0.4.1,t0r,1472,1,8,1472,avx2-fused,shared,frozen,full-repetition,4,3221342974,false,true,12,1,1,0,32,9.9999999999999995e-07,2,4,1,4,false,"0;2;4;6","0;1;2;3","449;318;353;352",2166784,2166784,69337088,69337088,2166784,0.0030671000000000001,69337088,22606725571.38665,22.606725571386651,22.606725571386651,1930731594294032454,9927959260608650301,12288815033314867580,11255046554403909569,false,false,true,0,0,"0;0;0;0","0;0;0;0","0;0;0;0","0;0;0;0","0;0;0;0",true,"",3,1
0.4.1,t0r,1472,1,8,1472,avx2-fused,clone,frozen,full-repetition,4,3221342974,false,true,12,1,1,0,32,9.9999999999999995e-07,2,4,1,4,false,"0;2;4;6","0;1;2;3","449;318;353;352",2166784,17334272,69337088,69337088,17334272,0.0014524,69337088,47739664004.406502,47.739664004406499,47.739664004406499,1930731594294032454,9927959260608650301,12288815033314867580,11255046554403909569,true,true,true,0,0,"0;0;0;0","0;0;0;0","0;0;0;0","0;0;0;0","0;0;0;0",true,"",3,2
0.4.1,t0r,1472,1,4,1472,avx2-fused,clone,frozen,full-repetition,4,3221342974,false,true,12,1,1,0,32,9.9999999999999995e-07,2,4,1,4,false,"0;2;4;6","0;1;2;3","449;318;353;352",2166784,8667136,34668544,34668544,8667136,0.0066956000000000003,34668544,5177809905.0122461,5.1778099050122464,5.1778099050122464,1930731594294032454,9927959260608650301,12536859496570096588,11255046554403909569,true,true,true,0,0,"0;0;0;0","0;0;0;0","0;0;0;0","0;0;0;0","0;0;0;0",true,"",4,1
0.4.1,t0r,1472,1,4,1472,avx2-fused,shared,frozen,full-repetition,4,3221342974,false,true,12,1,1,0,32,9.9999999999999995e-07,2,4,1,4,false,"0;2;4;6","0;1;2;3","449;318;353;352",2166784,2166784,34668544,34668544,2166784,0.00035790000000000003,34668544,96866566079.910583,96.866566079910584,96.866566079910584,1930731594294032454,9927959260608650301,12536859496570096588,11255046554403909569,false,false,true,0,0,"0;0;0;0","0;0;0;0","0;0;0;0","0;0;0;0","0;0;0;0",true,"",4,2
0.4.1,t0r,1472,1,8,1472,avx2-fused,clone,frozen,full-repetition,4,3221342974,false,true,12,1,1,0,32,9.9999999999999995e-07,2,4,1,4,false,"0;2;4;6","0;1;2;3","449;318;353;352",2166784,17334272,69337088,69337088,17334272,0.0014181,69337088,48894357238.558632,48.894357238558634,48.894357238558634,1930731594294032454,9927959260608650301,12288815033314867580,11255046554403909569,true,true,true,0,0,"0;0;0;0","0;0;0;0","0;0;0;0","0;0;0;0","0;0;0;0",true,"",4,1
0.4.1,t0r,1472,1,8,1472,avx2-fused,shared,frozen,full-repetition,4,3221342974,false,true,12,1,1,0,32,9.9999999999999995e-07,2,4,1,4,false,"0;2;4;6","0;1;2;3","449;318;353;352",2166784,2166784,69337088,69337088,2166784,0.0007718,69337088,89838154962.425491,89.838154962425492,89.838154962425492,1930731594294032454,9927959260608650301,12288815033314867580,11255046554403909569,false,false,true,0,0,"0;0;0;0","0;0;0;0","0;0;0;0","0;0;0;0","0;0;0;0",true,"",4,2
0.4.1,t0r,1472,1,16,1472,avx2-fused,cold,frozen,round-window,4,3221342974,false,true,12,1,1,0,32,9.9999999999999995e-07,1,3,1,4,false,"0;2;4;6","0;1;2;3","449;318;353;352",2166784,2166784,104005632,104005632,2166784,0.0025089999999999999,104005632,41453021921.084099,41.453021921084101,41.453021921084101,1930731594294032454,9927959260608650301,7273403738808202169,11255046554403909569,false,false,true,0,0,"0;0;0;0","0;0;0;0","0;0;0;0","0;0;0;0","0;0;0;0",true,"",0,0
