probe,kernel_requested,kernel_used,avx2_supported,target_kib,m,K,depth,variant,iterations,repetitions,warmup,worker_count,logical_cpu_indices,rows_per_worker,all_affinity_succeeded,affinity_error,kernel_elapsed_seconds,wall_elapsed_seconds,mac_count,mac_per_second,checksum,batch_repeat,variant_order
int8_batch,avx2,avx2,true,384,768,512,1,A,1,8,2,4,"0,2,4,6","1437,549,555,531",true,0,0.0002084,0.0002296,12582912,6.03787e+10,-26122688,1,1
int8_batch,avx2,avx2,true,384,768,512,1,B,1,8,2,4,"0,2,4,6","1437,549,555,531",true,0,0.0001758,0.0001814,12582912,7.15752e+10,-26122688,1,2
int8_batch,avx2,avx2,true,384,768,512,1,C,1,8,2,4,"0,2,4,6","1437,549,555,531",true,0,0.0030249,0.0720407,12582912,4.15978e+09,-26122688,1,3
int8_batch,avx2,avx2,true,384,768,512,4,A,1,8,2,4,"0,2,4,6","1437,549,555,531",true,0,0.0008146,0.0010587,50331648,6.17869e+10,-104490752,1,1
int8_batch,avx2,avx2,true,384,768,512,4,B,1,8,2,4,"0,2,4,6","1437,549,555,531",true,0,0.0012831,0.0032727,50331648,3.92266e+10,114620144,1,2
int8_batch,avx2,avx2,true,384,768,512,4,C,1,8,2,4,"0,2,4,6","1437,549,555,531",true,0,0.0130462,0.274659,50331648,3.85795e+09,-104490752,1,3
int8_batch,avx2,avx2,true,384,768,512,8,A,1,8,2,4,"0,2,4,6","1437,549,555,531",true,0,0.0030797,0.0033339,100663296,3.26861e+10,-208981504,1,1
int8_batch,avx2,avx2,true,384,768,512,8,B,1,8,2,4,"0,2,4,6","1437,549,555,531",true,0,0.0031795,0.0033869,100663296,3.16601e+10,-63733224,1,2
int8_batch,avx2,avx2,true,384,768,512,8,C,1,8,2,4,"0,2,4,6","1437,549,555,531",true,0,0.028036,0.525907,100663296,3.5905e+09,-208981504,1,3
int8_batch,avx2,avx2,true,384,768,512,16,A,1,8,2,4,"0,2,4,6","1437,549,555,531",true,0,0.0063017,0.0075453,201326592,3.1948e+10,-417963008,1,1
int8_batch,avx2,avx2,true,384,768,512,16,B,1,8,2,4,"0,2,4,6","1437,549,555,531",true,0,0.0085095,0.0108967,201326592,2.3659e+10,231055736,1,2
int8_batch,avx2,avx2,true,384,768,512,16,C,1,8,2,4,"0,2,4,6","1437,549,555,531",true,0,0.0234768,0.95406,201326592,8.57556e+09,-417963008,1,3
int8_batch,avx2,avx2,true,512,1024,512,1,A,1,8,2,4,"0,2,4,6","1917,731,740,708",true,0,0.0003855,0.000462,16777216,4.35207e+10,-73765152,1,1
int8_batch,avx2,avx2,true,512,1024,512,1,B,1,8,2,4,"0,2,4,6","1917,731,740,708",true,0,0.0003079,0.0003413,16777216,5.44892e+10,-73765152,1,2
int8_batch,avx2,avx2,true,512,1024,512,1,C,1,8,2,4,"0,2,4,6","1917,731,740,708",true,0,0.0006014,0.0586946,16777216,2.78969e+10,-73765152,1,3
int8_batch,avx2,avx2,true,512,1024,512,4,A,1,8,2,4,"0,2,4,6","1917,731,740,708",true,0,0.0011968,0.0013761,67108864,5.60736e+10,-295060608,1,1
int8_batch,avx2,avx2,true,512,1024,512,4,B,1,8,2,4,"0,2,4,6","1917,731,740,708",true,0,0.0012624,0.001599,67108864,5.31597e+10,224970440,1,2
int8_batch,avx2,avx2,true,512,1024,512,4,C,1,8,2,4,"0,2,4,6","1917,731,740,708",true,0,0.0211731,0.317313,67108864,3.16953e+09,-295060608,1,3
int8_batch,avx2,avx2,true,512,1024,512,8,A,1,8,2,4,"0,2,4,6","1917,731,740,708",true,0,0.0105716,0.0205785,134217728,1.26961e+10,-590121216,1,1
int8_batch,avx2,avx2,true,512,1024,512,8,B,1,8,2,4,"0,2,4,6","1917,731,740,708",true,0,0.0074224,0.0107259,134217728,1.80828e+10,47237944,1,2
int8_batch,avx2,avx2,true,512,1024,512,8,C,1,8,2,4,"0,2,4,6","1917,731,740,708",true,0,0.0376289,0.540224,134217728,3.56688e+09,-590121216,1,3
int8_batch,avx2,avx2,true,512,1024,512,16,A,1,8,2,4,"0,2,4,6","1917,731,740,708",true,0,0.0039846,0.0041061,268435456,6.73682e+10,-1180242432,1,1
int8_batch,avx2,avx2,true,512,1024,512,16,B,1,8,2,4,"0,2,4,6","1917,731,740,708",true,0,0.0080657,0.0093601,268435456,3.32811e+10,70947488,1,2
int8_batch,avx2,avx2,true,512,1024,512,16,C,1,8,2,4,"0,2,4,6","1917,731,740,708",true,0,0.0293091,0.948204,268435456,9.15878e+09,-1180242432,1,3
int8_batch,avx2,avx2,true,640,1280,512,1,A,1,8,2,4,"0,2,4,6","2396,914,925,885",true,0,0.0003075,0.0003433,20971520,6.82001e+10,-98436040,1,1
int8_batch,avx2,avx2,true,640,1280,512,1,B,1,8,2,4,"0,2,4,6","2396,914,925,885",true,0,0.0003705,0.0003923,20971520,5.66033e+10,-98436040,1,2
int8_batch,avx2,avx2,true,640,1280,512,1,C,1,8,2,4,"0,2,4,6","2396,914,925,885",true,0,0.0010231,0.0668638,20971520,2.0498e+10,-98436040,1,3
int8_batch,avx2,avx2,true,640,1280,512,4,A,1,8,2,4,"0,2,4,6","2396,914,925,885",true,0,0.0016049,0.0061711,83886080,5.22687e+10,-393744160,1,1
int8_batch,avx2,avx2,true,640,1280,512,4,B,1,8,2,4,"0,2,4,6","2396,914,925,885",true,0,0.0020578,0.0034462,83886080,4.07649e+10,272599344,1,2
int8_batch,avx2,avx2,true,640,1280,512,4,C,1,8,2,4,"0,2,4,6","2396,914,925,885",true,0,0.0099404,0.239762,83886080,8.4389e+09,-393744160,1,3
int8_batch,avx2,avx2,true,640,1280,512,8,A,1,8,2,4,"0,2,4,6","2396,914,925,885",true,0,0.002562,0.002821,167772160,6.54848e+10,-787488320,1,1
int8_batch,avx2,avx2,true,640,1280,512,8,B,1,8,2,4,"0,2,4,6","2396,914,925,885",true,0,0.0045814,0.0055442,167772160,3.66203e+10,95115408,1,2
int8_batch,avx2,avx2,true,640,1280,512,8,C,1,8,2,4,"0,2,4,6","2396,914,925,885",true,0,0.0081863,0.474204,167772160,2.04943e+10,-787488320,1,3
int8_batch,avx2,avx2,true,640,1280,512,16,A,1,8,2,4,"0,2,4,6","2396,914,925,885",true,0,0.0049146,0.0050101,335544320,6.8275e+10,-1574976640,1,1
int8_batch,avx2,avx2,true,640,1280,512,16,B,1,8,2,4,"0,2,4,6","2396,914,925,885",true,0,0.0106094,0.0121617,335544320,3.16271e+10,257141416,1,2
int8_batch,avx2,avx2,true,640,1280,512,16,C,1,8,2,4,"0,2,4,6","2396,914,925,885",true,0,0.0306241,0.96965,335544320,1.09569e+10,-1574976640,1,3
int8_batch,avx2,avx2,true,768,1536,512,1,A,1,8,2,4,"0,2,4,6","2875,1097,1110,1062",true,0,0.0003923,0.0004373,25165824,6.41494e+10,-104510296,1,1
int8_batch,avx2,avx2,true,768,1536,512,1,B,1,8,2,4,"0,2,4,6","2875,1097,1110,1062",true,0,0.0003738,0.0004452,25165824,6.73243e+10,-104510296,1,2
int8_batch,avx2,avx2,true,768,1536,512,1,C,1,8,2,4,"0,2,4,6","2875,1097,1110,1062",true,0,0.0039827,0.0602664,25165824,6.31878e+09,-104510296,1,3
int8_batch,avx2,avx2,true,768,1536,512,4,A,1,8,2,4,"0,2,4,6","2875,1097,1110,1062",true,0,0.0057221,0.0069449,100663296,1.7592e+10,-418041184,1,1
int8_batch,avx2,avx2,true,768,1536,512,4,B,1,8,2,4,"0,2,4,6","2875,1097,1110,1062",true,0,0.002748,0.0028919,100663296,3.66315e+10,287382656,1,2
int8_batch,avx2,avx2,true,768,1536,512,4,C,1,8,2,4,"0,2,4,6","2875,1097,1110,1062",true,0,0.0094651,0.239701,100663296,1.06352e+10,-418041184,1,3
int8_batch,avx2,avx2,true,768,1536,512,8,A,1,8,2,4,"0,2,4,6","2875,1097,1110,1062",true,0,0.0024276,0.0050813,201326592,8.29324e+10,-836082368,1,1
int8_batch,avx2,avx2,true,768,1536,512,8,B,1,8,2,4,"0,2,4,6","2875,1097,1110,1062",true,0,0.0046267,0.0046728,201326592,4.35141e+10,170746584,1,2
int8_batch,avx2,avx2,true,768,1536,512,8,C,1,8,2,4,"0,2,4,6","2875,1097,1110,1062",true,0,0.0169769,0.518401,201326592,1.18589e+10,-836082368,1,3
int8_batch,avx2,avx2,true,768,1536,512,16,A,1,8,2,4,"0,2,4,6","2875,1097,1110,1062",true,0,0.0060612,0.0088919,402653184,6.64313e+10,-1672164736,1,1
int8_batch,avx2,avx2,true,768,1536,512,16,B,1,8,2,4,"0,2,4,6","2875,1097,1110,1062",true,0,0.0129615,0.013901,402653184,3.10653e+10,413074048,1,2
int8_batch,avx2,avx2,true,768,1536,512,16,C,1,8,2,4,"0,2,4,6","2875,1097,1110,1062",true,0,0.0510987,1.06009,402653184,7.87991e+09,-1672164736,1,3
int8_batch,avx2,avx2,true,384,768,512,1,C,1,8,2,4,"0,2,4,6","1437,549,555,531",true,0,0.0031299,0.0741072,12582912,4.02023e+09,-26122688,2,1
int8_batch,avx2,avx2,true,384,768,512,1,B,1,8,2,4,"0,2,4,6","1437,549,555,531",true,0,0.0003574,0.0005845,12582912,3.52068e+10,-26122688,2,2
int8_batch,avx2,avx2,true,384,768,512,1,A,1,8,2,4,"0,2,4,6","1437,549,555,531",true,0,0.0004214,0.0014942,12582912,2.98598e+10,-26122688,2,3
int8_batch,avx2,avx2,true,384,768,512,4,C,1,8,2,4,"0,2,4,6","1437,549,555,531",true,0,0.0129447,0.261914,50331648,3.88821e+09,-104490752,2,1
int8_batch,avx2,avx2,true,384,768,512,4,B,1,8,2,4,"0,2,4,6","1437,549,555,531",true,0,0.0013623,0.0020573,50331648,3.69461e+10,114620144,2,2
int8_batch,avx2,avx2,true,384,768,512,4,A,1,8,2,4,"0,2,4,6","1437,549,555,531",true,0,0.002414,0.0027717,50331648,2.08499e+10,-104490752,2,3
int8_batch,avx2,avx2,true,384,768,512,8,C,1,8,2,4,"0,2,4,6","1437,549,555,531",true,0,0.0190982,0.477393,100663296,5.27083e+09,-208981504,2,1
int8_batch,avx2,avx2,true,384,768,512,8,B,1,8,2,4,"0,2,4,6","1437,549,555,531",true,0,0.0018199,0.0019196,100663296,5.53125e+10,-63733224,2,2
int8_batch,avx2,avx2,true,384,768,512,8,A,1,8,2,4,"0,2,4,6","1437,549,555,531",true,0,0.0015754,0.0016242,100663296,6.3897e+10,-208981504,2,3
int8_batch,avx2,avx2,true,384,768,512,16,C,1,8,2,4,"0,2,4,6","1437,549,555,531",true,0,0.0431703,0.975762,201326592,4.66354e+09,-417963008,2,1
int8_batch,avx2,avx2,true,384,768,512,16,B,1,8,2,4,"0,2,4,6","1437,549,555,531",true,0,0.0060281,0.0062696,201326592,3.3398e+10,231055736,2,2
int8_batch,avx2,avx2,true,384,768,512,16,A,1,8,2,4,"0,2,4,6","1437,549,555,531",true,0,0.0028189,0.002902,201326592,7.14203e+10,-417963008,2,3
int8_batch,avx2,avx2,true,512,1024,512,1,C,1,8,2,4,"0,2,4,6","1917,731,740,708",true,0,0.0005372,0.0569475,16777216,3.12309e+10,-73765152,2,1
int8_batch,avx2,avx2,true,512,1024,512,1,B,1,8,2,4,"0,2,4,6","1917,731,740,708",true,0,0.0002339,0.0002387,16777216,7.17282e+10,-73765152,2,2
int8_batch,avx2,avx2,true,512,1024,512,1,A,1,8,2,4,"0,2,4,6","1917,731,740,708",true,0,0.0002512,0.0002938,16777216,6.67883e+10,-73765152,2,3
int8_batch,avx2,avx2,true,512,1024,512,4,C,1,8,2,4,"0,2,4,6","1917,731,740,708",true,0,0.0104321,0.237996,67108864,6.43292e+09,-295060608,2,1
int8_batch,avx2,avx2,true,512,1024,512,4,B,1,8,2,4,"0,2,4,6","1917,731,740,708",true,0,0.0010085,0.0010424,67108864,6.65432e+10,224970440,2,2
int8_batch,avx2,avx2,true,512,1024,512,4,A,1,8,2,4,"0,2,4,6","1917,731,740,708",true,0,0.0009031,0.0009304,67108864,7.43094e+10,-295060608,2,3
int8_batch,avx2,avx2,true,512,1024,512,8,C,1,8,2,4,"0,2,4,6","1917,731,740,708",true,0,0.0128045,0.46823,134217728,1.04821e+10,-590121216,2,1
int8_batch,avx2,avx2,true,512,1024,512,8,B,1,8,2,4,"0,2,4,6","1917,731,740,708",true,0,0.0036041,0.006056,134217728,3.72403e+10,47237944,2,2
int8_batch,avx2,avx2,true,512,1024,512,8,A,1,8,2,4,"0,2,4,6","1917,731,740,708",true,0,0.0022957,0.0023253,134217728,5.84648e+10,-590121216,2,3
int8_batch,avx2,avx2,true,512,1024,512,16,C,1,8,2,4,"0,2,4,6","1917,731,740,708",true,0,0.0363026,0.945725,268435456,7.39439e+09,-1180242432,2,1
int8_batch,avx2,avx2,true,512,1024,512,16,B,1,8,2,4,"0,2,4,6","1917,731,740,708",true,0,0.0124709,0.0157706,268435456,2.15249e+10,70947488,2,2
int8_batch,avx2,avx2,true,512,1024,512,16,A,1,8,2,4,"0,2,4,6","1917,731,740,708",true,0,0.0062655,0.0088357,268435456,4.28434e+10,-1180242432,2,3
int8_batch,avx2,avx2,true,640,1280,512,1,C,1,8,2,4,"0,2,4,6","2396,914,925,885",true,0,0.0049849,0.0603476,20971520,4.20701e+09,-98436040,2,1
int8_batch,avx2,avx2,true,640,1280,512,1,B,1,8,2,4,"0,2,4,6","2396,914,925,885",true,0,0.000309,0.0003158,20971520,6.7869e+10,-98436040,2,2
int8_batch,avx2,avx2,true,640,1280,512,1,A,1,8,2,4,"0,2,4,6","2396,914,925,885",true,0,0.0003016,0.0004353,20971520,6.95342e+10,-98436040,2,3
int8_batch,avx2,avx2,true,640,1280,512,4,C,1,8,2,4,"0,2,4,6","2396,914,925,885",true,0,0.0099449,0.240371,83886080,8.43509e+09,-393744160,2,1
int8_batch,avx2,avx2,true,640,1280,512,4,B,1,8,2,4,"0,2,4,6","2396,914,925,885",true,0,0.004613,0.0052029,83886080,1.81847e+10,272599344,2,2
int8_batch,avx2,avx2,true,640,1280,512,4,A,1,8,2,4,"0,2,4,6","2396,914,925,885",true,0,0.0013998,0.0014393,83886080,5.99272e+10,-393744160,2,3
int8_batch,avx2,avx2,true,640,1280,512,8,C,1,8,2,4,"0,2,4,6","2396,914,925,885",true,0,0.0244816,0.486852,167772160,6.85299e+09,-787488320,2,1
int8_batch,avx2,avx2,true,640,1280,512,8,B,1,8,2,4,"0,2,4,6","2396,914,925,885",true,0,0.0044519,0.004526,167772160,3.76855e+10,95115408,2,2
int8_batch,avx2,avx2,true,640,1280,512,8,A,1,8,2,4,"0,2,4,6","2396,914,925,885",true,0,0.00288,0.0044326,167772160,5.82542e+10,-787488320,2,3
int8_batch,avx2,avx2,true,640,1280,512,16,C,1,8,2,4,"0,2,4,6","2396,914,925,885",true,0,0.0503535,0.971454,335544320,6.66377e+09,-1574976640,2,1
int8_batch,avx2,avx2,true,640,1280,512,16,B,1,8,2,4,"0,2,4,6","2396,914,925,885",true,0,0.0107165,0.0116228,335544320,3.1311e+10,257141416,2,2
int8_batch,avx2,avx2,true,640,1280,512,16,A,1,8,2,4,"0,2,4,6","2396,914,925,885",true,0,0.0045982,0.0048774,335544320,7.2973e+10,-1574976640,2,3
int8_batch,avx2,avx2,true,768,1536,512,1,C,1,8,2,4,"0,2,4,6","2875,1097,1110,1062",true,0,0.0024799,0.0592186,25165824,1.01479e+10,-104510296,2,1
int8_batch,avx2,avx2,true,768,1536,512,1,B,1,8,2,4,"0,2,4,6","2875,1097,1110,1062",true,0,0.0004655,0.000573,25165824,5.40619e+10,-104510296,2,2
int8_batch,avx2,avx2,true,768,1536,512,1,A,1,8,2,4,"0,2,4,6","2875,1097,1110,1062",true,0,0.0017785,0.0019953,25165824,1.415e+10,-104510296,2,3
int8_batch,avx2,avx2,true,768,1536,512,4,C,1,8,2,4,"0,2,4,6","2875,1097,1110,1062",true,0,0.0168204,0.269121,100663296,5.9846e+09,-418041184,2,1
int8_batch,avx2,avx2,true,768,1536,512,4,B,1,8,2,4,"0,2,4,6","2875,1097,1110,1062",true,0,0.0029487,0.007936,100663296,3.41382e+10,287382656,2,2
int8_batch,avx2,avx2,true,768,1536,512,4,A,1,8,2,4,"0,2,4,6","2875,1097,1110,1062",true,0,0.0018113,0.0019682,100663296,5.55752e+10,-418041184,2,3
int8_batch,avx2,avx2,true,768,1536,512,8,C,1,8,2,4,"0,2,4,6","2875,1097,1110,1062",true,0,0.018554,0.50813,201326592,1.08508e+10,-836082368,2,1
int8_batch,avx2,avx2,true,768,1536,512,8,B,1,8,2,4,"0,2,4,6","2875,1097,1110,1062",true,0,0.0068083,0.015961,201326592,2.95708e+10,170746584,2,2
int8_batch,avx2,avx2,true,768,1536,512,8,A,1,8,2,4,"0,2,4,6","2875,1097,1110,1062",true,0,0.0034316,0.0043971,201326592,5.86684e+10,-836082368,2,3
int8_batch,avx2,avx2,true,768,1536,512,16,C,1,8,2,4,"0,2,4,6","2875,1097,1110,1062",true,0,0.0428755,0.981145,402653184,9.39122e+09,-1672164736,2,1
int8_batch,avx2,avx2,true,768,1536,512,16,B,1,8,2,4,"0,2,4,6","2875,1097,1110,1062",true,0,0.013528,0.0141367,402653184,2.97644e+10,413074048,2,2
int8_batch,avx2,avx2,true,768,1536,512,16,A,1,8,2,4,"0,2,4,6","2875,1097,1110,1062",true,0,0.0065557,0.007433,402653184,6.14203e+10,-1672164736,2,3
int8_batch,avx2,avx2,true,384,768,512,1,A,1,8,2,4,"0,2,4,6","1437,549,555,531",true,0,0.0001817,0.0001902,12582912,6.9251e+10,-26122688,3,1
int8_batch,avx2,avx2,true,384,768,512,1,B,1,8,2,4,"0,2,4,6","1437,549,555,531",true,0,0.0001833,0.0001975,12582912,6.86465e+10,-26122688,3,2
int8_batch,avx2,avx2,true,384,768,512,1,C,1,8,2,4,"0,2,4,6","1437,549,555,531",true,0,0.0005298,0.0585769,12582912,2.37503e+10,-26122688,3,3
int8_batch,avx2,avx2,true,384,768,512,4,A,1,8,2,4,"0,2,4,6","1437,549,555,531",true,0,0.0006948,0.0007003,50331648,7.24405e+10,-104490752,3,1
int8_batch,avx2,avx2,true,384,768,512,4,B,1,8,2,4,"0,2,4,6","1437,549,555,531",true,0,0.0009221,0.0009682,50331648,5.45837e+10,114620144,3,2
int8_batch,avx2,avx2,true,384,768,512,4,C,1,8,2,4,"0,2,4,6","1437,549,555,531",true,0,0.0113497,0.245923,50331648,4.43462e+09,-104490752,3,3
int8_batch,avx2,avx2,true,384,768,512,8,A,1,8,2,4,"0,2,4,6","1437,549,555,531",true,0,0.001451,0.0015332,100663296,6.93751e+10,-208981504,3,1
int8_batch,avx2,avx2,true,384,768,512,8,B,1,8,2,4,"0,2,4,6","1437,549,555,531",true,0,0.0031325,0.0033659,100663296,3.21351e+10,-63733224,3,2
int8_batch,avx2,avx2,true,384,768,512,8,C,1,8,2,4,"0,2,4,6","1437,549,555,531",true,0,0.0113654,0.472484,100663296,8.857e+09,-208981504,3,3
int8_batch,avx2,avx2,true,384,768,512,16,A,1,8,2,4,"0,2,4,6","1437,549,555,531",true,0,0.0037842,0.0038446,201326592,5.32019e+10,-417963008,3,1
int8_batch,avx2,avx2,true,384,768,512,16,B,1,8,2,4,"0,2,4,6","1437,549,555,531",true,0,0.0053995,0.0061131,201326592,3.72862e+10,231055736,3,2
int8_batch,avx2,avx2,true,384,768,512,16,C,1,8,2,4,"0,2,4,6","1437,549,555,531",true,0,0.046427,0.994592,201326592,4.33641e+09,-417963008,3,3
int8_batch,avx2,avx2,true,512,1024,512,1,A,1,8,2,4,"0,2,4,6","1917,731,740,708",true,0,0.0002463,0.0002542,16777216,6.8117e+10,-73765152,3,1
int8_batch,avx2,avx2,true,512,1024,512,1,B,1,8,2,4,"0,2,4,6","1917,731,740,708",true,0,0.0002449,0.0019397,16777216,6.85064e+10,-73765152,3,2
int8_batch,avx2,avx2,true,512,1024,512,1,C,1,8,2,4,"0,2,4,6","1917,731,740,708",true,0,0.0067994,0.0643945,16777216,2.46746e+09,-73765152,3,3
int8_batch,avx2,avx2,true,512,1024,512,4,A,1,8,2,4,"0,2,4,6","1917,731,740,708",true,0,0.0009059,0.0009674,67108864,7.40798e+10,-295060608,3,1
int8_batch,avx2,avx2,true,512,1024,512,4,B,1,8,2,4,"0,2,4,6","1917,731,740,708",true,0,0.0013578,0.0013956,67108864,4.94247e+10,224970440,3,2
int8_batch,avx2,avx2,true,512,1024,512,4,C,1,8,2,4,"0,2,4,6","1917,731,740,708",true,0,0.0049882,0.232204,67108864,1.34535e+10,-295060608,3,3
int8_batch,avx2,avx2,true,512,1024,512,8,A,1,8,2,4,"0,2,4,6","1917,731,740,708",true,0,0.0022703,0.0031684,134217728,5.91189e+10,-590121216,3,1
int8_batch,avx2,avx2,true,512,1024,512,8,B,1,8,2,4,"0,2,4,6","1917,731,740,708",true,0,0.003603,0.0038994,134217728,3.72517e+10,47237944,3,2
int8_batch,avx2,avx2,true,512,1024,512,8,C,1,8,2,4,"0,2,4,6","1917,731,740,708",true,0,0.0225088,0.496244,134217728,5.9629e+09,-590121216,3,3
int8_batch,avx2,avx2,true,512,1024,512,16,A,1,8,2,4,"0,2,4,6","1917,731,740,708",true,0,0.0048447,0.0052284,268435456,5.54081e+10,-1180242432,3,1
int8_batch,avx2,avx2,true,512,1024,512,16,B,1,8,2,4,"0,2,4,6","1917,731,740,708",true,0,0.0112838,0.0119745,268435456,2.37895e+10,70947488,3,2
int8_batch,avx2,avx2,true,512,1024,512,16,C,1,8,2,4,"0,2,4,6","1917,731,740,708",true,0,0.0232835,0.937797,268435456,1.1529e+10,-1180242432,3,3
int8_batch,avx2,avx2,true,640,1280,512,1,A,1,8,2,4,"0,2,4,6","2396,914,925,885",true,0,0.0002711,0.0002786,20971520,7.73571e+10,-98436040,3,1
int8_batch,avx2,avx2,true,640,1280,512,1,B,1,8,2,4,"0,2,4,6","2396,914,925,885",true,0,0.0003838,0.0042839,20971520,5.46418e+10,-98436040,3,2
int8_batch,avx2,avx2,true,640,1280,512,1,C,1,8,2,4,"0,2,4,6","2396,914,925,885",true,0,0.0007162,0.0576511,20971520,2.92817e+10,-98436040,3,3
int8_batch,avx2,avx2,true,640,1280,512,4,A,1,8,2,4,"0,2,4,6","2396,914,925,885",true,0,0.001448,0.0027354,83886080,5.79324e+10,-393744160,3,1
int8_batch,avx2,avx2,true,640,1280,512,4,B,1,8,2,4,"0,2,4,6","2396,914,925,885",true,0,0.0013337,0.0013706,83886080,6.28973e+10,272599344,3,2
int8_batch,avx2,avx2,true,640,1280,512,4,C,1,8,2,4,"0,2,4,6","2396,914,925,885",true,0,0.0074778,0.232073,83886080,1.1218e+10,-393744160,3,3
int8_batch,avx2,avx2,true,640,1280,512,8,A,1,8,2,4,"0,2,4,6","2396,914,925,885",true,0,0.0020486,0.0020888,167772160,8.1896e+10,-787488320,3,1
int8_batch,avx2,avx2,true,640,1280,512,8,B,1,8,2,4,"0,2,4,6","2396,914,925,885",true,0,0.0064097,0.0140532,167772160,2.61747e+10,95115408,3,2
int8_batch,avx2,avx2,true,640,1280,512,8,C,1,8,2,4,"0,2,4,6","2396,914,925,885",true,0,0.0135093,0.475479,167772160,1.2419e+10,-787488320,3,3
int8_batch,avx2,avx2,true,640,1280,512,16,A,1,8,2,4,"0,2,4,6","2396,914,925,885",true,0,0.0051577,0.0054199,335544320,6.5057e+10,-1574976640,3,1
int8_batch,avx2,avx2,true,640,1280,512,16,B,1,8,2,4,"0,2,4,6","2396,914,925,885",true,0,0.0115228,0.0122575,335544320,2.912e+10,257141416,3,2
int8_batch,avx2,avx2,true,640,1280,512,16,C,1,8,2,4,"0,2,4,6","2396,914,925,885",true,0,0.0419233,1.0547,335544320,8.00377e+09,-1574976640,3,3
int8_batch,avx2,avx2,true,768,1536,512,1,A,1,8,2,4,"0,2,4,6","2875,1097,1110,1062",true,0,0.0011169,0.0020369,25165824,2.25319e+10,-104510296,3,1
int8_batch,avx2,avx2,true,768,1536,512,1,B,1,8,2,4,"0,2,4,6","2875,1097,1110,1062",true,0,0.0003279,0.0003402,25165824,7.67485e+10,-104510296,3,2
int8_batch,avx2,avx2,true,768,1536,512,1,C,1,8,2,4,"0,2,4,6","2875,1097,1110,1062",true,0,0.0038486,0.0645389,25165824,6.53896e+09,-104510296,3,3
int8_batch,avx2,avx2,true,768,1536,512,4,A,1,8,2,4,"0,2,4,6","2875,1097,1110,1062",true,0,0.0014651,0.0016172,100663296,6.87075e+10,-418041184,3,1
int8_batch,avx2,avx2,true,768,1536,512,4,B,1,8,2,4,"0,2,4,6","2875,1097,1110,1062",true,0,0.0055106,0.0056376,100663296,1.82672e+10,287382656,3,2
int8_batch,avx2,avx2,true,768,1536,512,4,C,1,8,2,4,"0,2,4,6","2875,1097,1110,1062",true,0,0.0175806,0.273354,100663296,5.72582e+09,-418041184,3,3
int8_batch,avx2,avx2,true,768,1536,512,8,A,1,8,2,4,"0,2,4,6","2875,1097,1110,1062",true,0,0.0046816,0.0077791,201326592,4.30038e+10,-836082368,3,1
int8_batch,avx2,avx2,true,768,1536,512,8,B,1,8,2,4,"0,2,4,6","2875,1097,1110,1062",true,0,0.0060109,0.0091053,201326592,3.34936e+10,170746584,3,2
int8_batch,avx2,avx2,true,768,1536,512,8,C,1,8,2,4,"0,2,4,6","2875,1097,1110,1062",true,0,0.0180976,0.498363,201326592,1.11245e+10,-836082368,3,3
int8_batch,avx2,avx2,true,768,1536,512,16,A,1,8,2,4,"0,2,4,6","2875,1097,1110,1062",true,0,0.0152847,0.0230221,402653184,2.63435e+10,-1672164736,3,1
int8_batch,avx2,avx2,true,768,1536,512,16,B,1,8,2,4,"0,2,4,6","2875,1097,1110,1062",true,0,0.0119708,0.0136269,402653184,3.36363e+10,413074048,3,2
int8_batch,avx2,avx2,true,768,1536,512,16,C,1,8,2,4,"0,2,4,6","2875,1097,1110,1062",true,0,0.0450444,0.97691,402653184,8.93903e+09,-1672164736,3,3
int8_batch,avx2,avx2,true,384,768,512,1,C,1,8,2,4,"0,2,4,6","1437,549,555,531",true,0,0.0011306,0.0565443,12582912,1.11294e+10,-26122688,4,1
int8_batch,avx2,avx2,true,384,768,512,1,B,1,8,2,4,"0,2,4,6","1437,549,555,531",true,0,0.0002621,0.000286,12582912,4.80081e+10,-26122688,4,2
int8_batch,avx2,avx2,true,384,768,512,1,A,1,8,2,4,"0,2,4,6","1437,549,555,531",true,0,0.0001779,0.0001822,12582912,7.07303e+10,-26122688,4,3
int8_batch,avx2,avx2,true,384,768,512,4,C,1,8,2,4,"0,2,4,6","1437,549,555,531",true,0,0.0083439,0.235945,50331648,6.03215e+09,-104490752,4,1
int8_batch,avx2,avx2,true,384,768,512,4,B,1,8,2,4,"0,2,4,6","1437,549,555,531",true,0,0.0008606,0.0008959,50331648,5.84844e+10,114620144,4,2
int8_batch,avx2,avx2,true,384,768,512,4,A,1,8,2,4,"0,2,4,6","1437,549,555,531",true,0,0.0022269,0.0025262,50331648,2.26017e+10,-104490752,4,3
int8_batch,avx2,avx2,true,384,768,512,8,C,1,8,2,4,"0,2,4,6","1437,549,555,531",true,0,0.0149468,0.470673,100663296,6.73477e+09,-208981504,4,1
int8_batch,avx2,avx2,true,384,768,512,8,B,1,8,2,4,"0,2,4,6","1437,549,555,531",true,0,0.0025766,0.0026794,100663296,3.90683e+10,-63733224,4,2
int8_batch,avx2,avx2,true,384,768,512,8,A,1,8,2,4,"0,2,4,6","1437,549,555,531",true,0,0.0014273,0.0014494,100663296,7.05271e+10,-208981504,4,3
int8_batch,avx2,avx2,true,384,768,512,16,C,1,8,2,4,"0,2,4,6","1437,549,555,531",true,0,0.0213537,0.924588,201326592,9.42818e+09,-417963008,4,1
int8_batch,avx2,avx2,true,384,768,512,16,B,1,8,2,4,"0,2,4,6","1437,549,555,531",true,0,0.0072247,0.007638,201326592,2.78664e+10,231055736,4,2
int8_batch,avx2,avx2,true,384,768,512,16,A,1,8,2,4,"0,2,4,6","1437,549,555,531",true,0,0.00416,0.0044217,201326592,4.83958e+10,-417963008,4,3
int8_batch,avx2,avx2,true,512,1024,512,1,C,1,8,2,4,"0,2,4,6","1917,731,740,708",true,0,0.0082069,0.069461,16777216,2.04428e+09,-73765152,4,1
int8_batch,avx2,avx2,true,512,1024,512,1,B,1,8,2,4,"0,2,4,6","1917,731,740,708",true,0,0.0003213,0.0013947,16777216,5.22167e+10,-73765152,4,2
int8_batch,avx2,avx2,true,512,1024,512,1,A,1,8,2,4,"0,2,4,6","1917,731,740,708",true,0,0.0004103,0.0004386,16777216,4.08901e+10,-73765152,4,3
int8_batch,avx2,avx2,true,512,1024,512,4,C,1,8,2,4,"0,2,4,6","1917,731,740,708",true,0,0.0056825,0.230367,67108864,1.18097e+10,-295060608,4,1
int8_batch,avx2,avx2,true,512,1024,512,4,B,1,8,2,4,"0,2,4,6","1917,731,740,708",true,0,0.0014074,0.0014515,67108864,4.76829e+10,224970440,4,2
int8_batch,avx2,avx2,true,512,1024,512,4,A,1,8,2,4,"0,2,4,6","1917,731,740,708",true,0,0.0008772,0.0008883,67108864,7.65035e+10,-295060608,4,3
int8_batch,avx2,avx2,true,512,1024,512,8,C,1,8,2,4,"0,2,4,6","1917,731,740,708",true,0,0.0108976,0.478249,134217728,1.23163e+10,-590121216,4,1
int8_batch,avx2,avx2,true,512,1024,512,8,B,1,8,2,4,"0,2,4,6","1917,731,740,708",true,0,0.0031855,0.0032573,134217728,4.2134e+10,47237944,4,2
int8_batch,avx2,avx2,true,512,1024,512,8,A,1,8,2,4,"0,2,4,6","1917,731,740,708",true,0,0.0029306,0.0029525,134217728,4.57987e+10,-590121216,4,3
int8_batch,avx2,avx2,true,512,1024,512,16,C,1,8,2,4,"0,2,4,6","1917,731,740,708",true,0,0.0383084,0.948963,268435456,7.00722e+09,-1180242432,4,1
int8_batch,avx2,avx2,true,512,1024,512,16,B,1,8,2,4,"0,2,4,6","1917,731,740,708",true,0,0.0075154,0.0079996,268435456,3.57181e+10,70947488,4,2
int8_batch,avx2,avx2,true,512,1024,512,16,A,1,8,2,4,"0,2,4,6","1917,731,740,708",true,0,0.0053604,0.0055327,268435456,5.00775e+10,-1180242432,4,3
int8_batch,avx2,avx2,true,640,1280,512,1,C,1,8,2,4,"0,2,4,6","2396,914,925,885",true,0,0.0016417,0.0597725,20971520,1.27743e+10,-98436040,4,1
int8_batch,avx2,avx2,true,640,1280,512,1,B,1,8,2,4,"0,2,4,6","2396,914,925,885",true,0,0.0004382,0.0015314,20971520,4.78583e+10,-98436040,4,2
int8_batch,avx2,avx2,true,640,1280,512,1,A,1,8,2,4,"0,2,4,6","2396,914,925,885",true,0,0.0004283,0.0004489,20971520,4.89646e+10,-98436040,4,3
int8_batch,avx2,avx2,true,640,1280,512,4,C,1,8,2,4,"0,2,4,6","2396,914,925,885",true,0,0.0166326,0.293183,83886080,5.04347e+09,-393744160,4,1
int8_batch,avx2,avx2,true,640,1280,512,4,B,1,8,2,4,"0,2,4,6","2396,914,925,885",true,0,0.0019136,0.002307,83886080,4.38368e+10,272599344,4,2
int8_batch,avx2,avx2,true,640,1280,512,4,A,1,8,2,4,"0,2,4,6","2396,914,925,885",true,0,0.0017045,0.0033878,83886080,4.92145e+10,-393744160,4,3
int8_batch,avx2,avx2,true,640,1280,512,8,C,1,8,2,4,"0,2,4,6","2396,914,925,885",true,0,0.028063,0.542554,167772160,5.97841e+09,-787488320,4,1
int8_batch,avx2,avx2,true,640,1280,512,8,B,1,8,2,4,"0,2,4,6","2396,914,925,885",true,0,0.0071183,0.0102665,167772160,2.35691e+10,95115408,4,2
int8_batch,avx2,avx2,true,640,1280,512,8,A,1,8,2,4,"0,2,4,6","2396,914,925,885",true,0,0.0022214,0.0023133,167772160,7.55254e+10,-787488320,4,3
int8_batch,avx2,avx2,true,640,1280,512,16,C,1,8,2,4,"0,2,4,6","2396,914,925,885",true,0,0.0480165,1.04763,335544320,6.9881e+09,-1574976640,4,1
int8_batch,avx2,avx2,true,640,1280,512,16,B,1,8,2,4,"0,2,4,6","2396,914,925,885",true,0,0.017473,0.0242334,335544320,1.92036e+10,257141416,4,2
int8_batch,avx2,avx2,true,640,1280,512,16,A,1,8,2,4,"0,2,4,6","2396,914,925,885",true,0,0.034214,0.0635962,335544320,9.80722e+09,-1574976640,4,3
int8_batch,avx2,avx2,true,768,1536,512,1,C,1,8,2,4,"0,2,4,6","2875,1097,1110,1062",true,0,0.0073516,0.0726928,25165824,3.42318e+09,-104510296,4,1
int8_batch,avx2,avx2,true,768,1536,512,1,B,1,8,2,4,"0,2,4,6","2875,1097,1110,1062",true,0,0.0004988,0.0005546,25165824,5.04527e+10,-104510296,4,2
int8_batch,avx2,avx2,true,768,1536,512,1,A,1,8,2,4,"0,2,4,6","2875,1097,1110,1062",true,0,0.0004626,0.001034,25165824,5.44008e+10,-104510296,4,3
int8_batch,avx2,avx2,true,768,1536,512,4,C,1,8,2,4,"0,2,4,6","2875,1097,1110,1062",true,0,0.0111276,0.252496,100663296,9.04627e+09,-418041184,4,1
int8_batch,avx2,avx2,true,768,1536,512,4,B,1,8,2,4,"0,2,4,6","2875,1097,1110,1062",true,0,0.0029419,0.0067134,100663296,3.42171e+10,287382656,4,2
int8_batch,avx2,avx2,true,768,1536,512,4,A,1,8,2,4,"0,2,4,6","2875,1097,1110,1062",true,0,0.0053912,0.0146158,100663296,1.86718e+10,-418041184,4,3
int8_batch,avx2,avx2,true,768,1536,512,8,C,1,8,2,4,"0,2,4,6","2875,1097,1110,1062",true,0,0.0619371,0.647871,201326592,3.2505e+09,-836082368,4,1
int8_batch,avx2,avx2,true,768,1536,512,8,B,1,8,2,4,"0,2,4,6","2875,1097,1110,1062",true,0,0.0058776,0.005938,201326592,3.42532e+10,170746584,4,2
int8_batch,avx2,avx2,true,768,1536,512,8,A,1,8,2,4,"0,2,4,6","2875,1097,1110,1062",true,0,0.003848,0.006944,201326592,5.23198e+10,-836082368,4,3
int8_batch,avx2,avx2,true,768,1536,512,16,C,1,8,2,4,"0,2,4,6","2875,1097,1110,1062",true,0,0.0609617,1.05778,402653184,6.60502e+09,-1672164736,4,1
int8_batch,avx2,avx2,true,768,1536,512,16,B,1,8,2,4,"0,2,4,6","2875,1097,1110,1062",true,0,0.0138152,0.0282954,402653184,2.91457e+10,413074048,4,2
int8_batch,avx2,avx2,true,768,1536,512,16,A,1,8,2,4,"0,2,4,6","2875,1097,1110,1062",true,0,0.0161859,0.023941,402653184,2.48768e+10,-1672164736,4,3
int8_batch,avx2,avx2,true,384,768,512,1,A,1,8,2,4,"0,2,4,6","1437,549,555,531",true,0,0.0002646,0.0004547,12582912,4.75545e+10,-26122688,5,1
int8_batch,avx2,avx2,true,384,768,512,1,B,1,8,2,4,"0,2,4,6","1437,549,555,531",true,0,0.0001958,0.0002021,12582912,6.42641e+10,-26122688,5,2
int8_batch,avx2,avx2,true,384,768,512,1,C,1,8,2,4,"0,2,4,6","1437,549,555,531",true,0,0.0036813,0.0698722,12582912,3.41806e+09,-26122688,5,3
int8_batch,avx2,avx2,true,384,768,512,4,A,1,8,2,4,"0,2,4,6","1437,549,555,531",true,0,0.0020313,0.003071,50331648,2.4778e+10,-104490752,5,1
int8_batch,avx2,avx2,true,384,768,512,4,B,1,8,2,4,"0,2,4,6","1437,549,555,531",true,0,0.0008621,0.0009594,50331648,5.83826e+10,114620144,5,2
int8_batch,avx2,avx2,true,384,768,512,4,C,1,8,2,4,"0,2,4,6","1437,549,555,531",true,0,0.0112445,0.251552,50331648,4.47611e+09,-104490752,5,3
int8_batch,avx2,avx2,true,384,768,512,8,A,1,8,2,4,"0,2,4,6","1437,549,555,531",true,0,0.0021439,0.002235,100663296,4.69534e+10,-208981504,5,1
int8_batch,avx2,avx2,true,384,768,512,8,B,1,8,2,4,"0,2,4,6","1437,549,555,531",true,0,0.0021402,0.0022078,100663296,4.70345e+10,-63733224,5,2
int8_batch,avx2,avx2,true,384,768,512,8,C,1,8,2,4,"0,2,4,6","1437,549,555,531",true,0,0.0116124,0.50983,100663296,8.6686e+09,-208981504,5,3
int8_batch,avx2,avx2,true,384,768,512,16,A,1,8,2,4,"0,2,4,6","1437,549,555,531",true,0,0.0036841,0.0053501,201326592,5.46474e+10,-417963008,5,1
int8_batch,avx2,avx2,true,384,768,512,16,B,1,8,2,4,"0,2,4,6","1437,549,555,531",true,0,0.0074899,0.0164932,201326592,2.68797e+10,231055736,5,2
int8_batch,avx2,avx2,true,384,768,512,16,C,1,8,2,4,"0,2,4,6","1437,549,555,531",true,0,0.0534856,1.04766,201326592,3.76413e+09,-417963008,5,3
int8_batch,avx2,avx2,true,512,1024,512,1,A,1,8,2,4,"0,2,4,6","1917,731,740,708",true,0,0.0002856,0.0003067,16777216,5.87438e+10,-73765152,5,1
int8_batch,avx2,avx2,true,512,1024,512,1,B,1,8,2,4,"0,2,4,6","1917,731,740,708",true,0,0.000709,0.0015153,16777216,2.36632e+10,-73765152,5,2
int8_batch,avx2,avx2,true,512,1024,512,1,C,1,8,2,4,"0,2,4,6","1917,731,740,708",true,0,0.0027771,0.0708768,16777216,6.04127e+09,-73765152,5,3
int8_batch,avx2,avx2,true,512,1024,512,4,A,1,8,2,4,"0,2,4,6","1917,731,740,708",true,0,0.0009829,0.0010333,67108864,6.82764e+10,-295060608,5,1
int8_batch,avx2,avx2,true,512,1024,512,4,B,1,8,2,4,"0,2,4,6","1917,731,740,708",true,0,0.0024309,0.0036441,67108864,2.76066e+10,224970440,5,2
int8_batch,avx2,avx2,true,512,1024,512,4,C,1,8,2,4,"0,2,4,6","1917,731,740,708",true,0,0.0137613,0.304695,67108864,4.87664e+09,-295060608,5,3
int8_batch,avx2,avx2,true,512,1024,512,8,A,1,8,2,4,"0,2,4,6","1917,731,740,708",true,0,0.0028736,0.0029408,134217728,4.67072e+10,-590121216,5,1
int8_batch,avx2,avx2,true,512,1024,512,8,B,1,8,2,4,"0,2,4,6","1917,731,740,708",true,0,0.0052298,0.0059903,134217728,2.5664e+10,47237944,5,2
int8_batch,avx2,avx2,true,512,1024,512,8,C,1,8,2,4,"0,2,4,6","1917,731,740,708",true,0,0.0507393,0.601415,134217728,2.64524e+09,-590121216,5,3
int8_batch,avx2,avx2,true,512,1024,512,16,A,1,8,2,4,"0,2,4,6","1917,731,740,708",true,0,0.0150255,0.0293892,268435456,1.78653e+10,-1180242432,5,1
int8_batch,avx2,avx2,true,512,1024,512,16,B,1,8,2,4,"0,2,4,6","1917,731,740,708",true,0,0.0130294,0.0199863,268435456,2.06023e+10,70947488,5,2
int8_batch,avx2,avx2,true,512,1024,512,16,C,1,8,2,4,"0,2,4,6","1917,731,740,708",true,0,0.14772,1.31516,268435456,1.81719e+09,-1180242432,5,3
int8_batch,avx2,avx2,true,640,1280,512,1,A,1,8,2,4,"0,2,4,6","2396,914,925,885",true,0,0.0006334,0.0010501,20971520,3.31094e+10,-98436040,5,1
int8_batch,avx2,avx2,true,640,1280,512,1,B,1,8,2,4,"0,2,4,6","2396,914,925,885",true,0,0.0005391,0.0007788,20971520,3.8901e+10,-98436040,5,2
int8_batch,avx2,avx2,true,640,1280,512,1,C,1,8,2,4,"0,2,4,6","2396,914,925,885",true,0,0.0016981,0.0698442,20971520,1.235e+10,-98436040,5,3
int8_batch,avx2,avx2,true,640,1280,512,4,A,1,8,2,4,"0,2,4,6","2396,914,925,885",true,0,0.0027194,0.0035711,83886080,3.08473e+10,-393744160,5,1
int8_batch,avx2,avx2,true,640,1280,512,4,B,1,8,2,4,"0,2,4,6","2396,914,925,885",true,0,0.0037662,0.0113277,83886080,2.22734e+10,272599344,5,2
int8_batch,avx2,avx2,true,640,1280,512,4,C,1,8,2,4,"0,2,4,6","2396,914,925,885",true,0,0.0440447,0.346612,83886080,1.90457e+09,-393744160,5,3
int8_batch,avx2,avx2,true,640,1280,512,8,A,1,8,2,4,"0,2,4,6","2396,914,925,885",true,0,0.0061759,0.0462313,167772160,2.71656e+10,-787488320,5,1
int8_batch,avx2,avx2,true,640,1280,512,8,B,1,8,2,4,"0,2,4,6","2396,914,925,885",true,0,0.0075178,0.0121774,167772160,2.23167e+10,95115408,5,2
int8_batch,avx2,avx2,true,640,1280,512,8,C,1,8,2,4,"0,2,4,6","2396,914,925,885",true,0,0.0598619,0.614258,167772160,2.80265e+09,-787488320,5,3
int8_batch,avx2,avx2,true,640,1280,512,16,A,1,8,2,4,"0,2,4,6","2396,914,925,885",true,0,0.0074271,0.0177259,335544320,4.51784e+10,-1574976640,5,1
int8_batch,avx2,avx2,true,640,1280,512,16,B,1,8,2,4,"0,2,4,6","2396,914,925,885",true,0,0.0128565,0.0185418,335544320,2.60992e+10,257141416,5,2
int8_batch,avx2,avx2,true,640,1280,512,16,C,1,8,2,4,"0,2,4,6","2396,914,925,885",true,0,0.0799126,1.12024,335544320,4.19889e+09,-1574976640,5,3
int8_batch,avx2,avx2,true,768,1536,512,1,A,1,8,2,4,"0,2,4,6","2875,1097,1110,1062",true,0,0.0006845,0.0023884,25165824,3.67653e+10,-104510296,5,1
int8_batch,avx2,avx2,true,768,1536,512,1,B,1,8,2,4,"0,2,4,6","2875,1097,1110,1062",true,0,0.000575,0.0007382,25165824,4.37667e+10,-104510296,5,2
int8_batch,avx2,avx2,true,768,1536,512,1,C,1,8,2,4,"0,2,4,6","2875,1097,1110,1062",true,0,0.0047894,0.0682522,25165824,5.25448e+09,-104510296,5,3
int8_batch,avx2,avx2,true,768,1536,512,4,A,1,8,2,4,"0,2,4,6","2875,1097,1110,1062",true,0,0.012075,0.0219419,100663296,8.3365e+09,-418041184,5,1
int8_batch,avx2,avx2,true,768,1536,512,4,B,1,8,2,4,"0,2,4,6","2875,1097,1110,1062",true,0,0.002592,0.005642,100663296,3.88361e+10,287382656,5,2
int8_batch,avx2,avx2,true,768,1536,512,4,C,1,8,2,4,"0,2,4,6","2875,1097,1110,1062",true,0,0.0220552,0.29698,100663296,4.56415e+09,-418041184,5,3
int8_batch,avx2,avx2,true,768,1536,512,8,A,1,8,2,4,"0,2,4,6","2875,1097,1110,1062",true,0,0.0038544,0.006466,201326592,5.22329e+10,-836082368,5,1
int8_batch,avx2,avx2,true,768,1536,512,8,B,1,8,2,4,"0,2,4,6","2875,1097,1110,1062",true,0,0.0073956,0.0096597,201326592,2.72225e+10,170746584,5,2
int8_batch,avx2,avx2,true,768,1536,512,8,C,1,8,2,4,"0,2,4,6","2875,1097,1110,1062",true,0,0.0477144,0.581403,201326592,4.21941e+09,-836082368,5,3
int8_batch,avx2,avx2,true,768,1536,512,16,A,1,8,2,4,"0,2,4,6","2875,1097,1110,1062",true,0,0.0071292,0.0247003,402653184,5.64794e+10,-1672164736,5,1
int8_batch,avx2,avx2,true,768,1536,512,16,B,1,8,2,4,"0,2,4,6","2875,1097,1110,1062",true,0,0.0163151,0.0185448,402653184,2.46798e+10,413074048,5,2
int8_batch,avx2,avx2,true,768,1536,512,16,C,1,8,2,4,"0,2,4,6","2875,1097,1110,1062",true,0,0.129593,1.28249,402653184,3.10705e+09,-1672164736,5,3
