"run","order_index","D","S","R","component","mode","elapsed_seconds","elapsed_per_timed_step","qpc_ticks_per_timed_step","tsc_cycles_per_timed_step","tsc_supported","mac_total","mac_per_second","checksum_kind","validation_invariant","final_checksum","per_round_checksums","per_round_finite","per_round_overflow","all_rounds_valid","worker_count","cpus","affinity","affinity_errors","affinity_succeeded","timed_repetitions","warmup","timed_repetitions_exact"
"1","1","512","1","1","transition-only","fused","3.99E-05","4.9875E-06","49.875","9927.5","true","0","0","state","state checksum; apply_transition uses deterministic synthetic output","14659709760075817538","14659709760075817538","true","false","true","4","0,2,4,6","1,1,1,1","0,0,0,0","true","8","2","true"
"1","2","512","1","1","gemv-only","fused","0.0003627","4.53375E-05","453.375","90527.5","true","2097152","5782056796.25035","output","output checksum; GEMV output is deterministic and state remains frozen","7649350121136269137","7649350121136269137","true","false","true","4","0,2,4,6","1,1,1,1","0,0,0,0","true","8","2","true"
"1","3","512","1","1","full","fused","0.0002317","2.89625E-05","289.625","57819.625","true","2097152","9051152352.17954","state","state checksum; actual GEMV followed by apply_transition","5156533420041995800","5156533420041995800","true","false","true","4","0,2,4,6","1,1,1,1","0,0,0,0","true","8","2","true"
"2","1","512","1","1","full","fused","0.0003487","4.35875E-05","435.875","87055","true","2097152","6014201319.18555","state","state checksum; actual GEMV followed by apply_transition","5156533420041995800","5156533420041995800","true","false","true","4","0,2,4,6","1,1,1,1","0,0,0,0","true","8","2","true"
"2","2","512","1","1","gemv-only","fused","0.0001489","1.86125E-05","186.125","37170","true","2097152","14084298186.7025","output","output checksum; GEMV output is deterministic and state remains frozen","7649350121136269137","7649350121136269137","true","false","true","4","0,2,4,6","1,1,1,1","0,0,0,0","true","8","2","true"
"2","3","512","1","1","transition-only","fused","4.67E-05","5.8375E-06","58.375","11637.625","true","0","0","state","state checksum; apply_transition uses deterministic synthetic output","14659709760075817538","14659709760075817538","true","false","true","4","0,2,4,6","1,1,1,1","0,0,0,0","true","8","2","true"
"3","1","512","1","1","transition-only","fused","4.11E-05","5.1375E-06","51.375","10272.625","true","0","0","state","state checksum; apply_transition uses deterministic synthetic output","14659709760075817538","14659709760075817538","true","false","true","4","0,2,4,6","1,1,1,1","0,0,0,0","true","8","2","true"
"3","2","512","1","1","gemv-only","fused","0.0002068","2.585E-05","258.5","51590","true","2097152","10140967117.9884","output","output checksum; GEMV output is deterministic and state remains frozen","7649350121136269137","7649350121136269137","true","false","true","4","0,2,4,6","1,1,1,1","0,0,0,0","true","8","2","true"
"3","3","512","1","1","full","fused","0.0002563","3.20375E-05","320.375","63975","true","2097152","8182411236.83184","state","state checksum; actual GEMV followed by apply_transition","5156533420041995800","5156533420041995800","true","false","true","4","0,2,4,6","1,1,1,1","0,0,0,0","true","8","2","true"
"4","1","512","1","1","full","fused","0.0002399","2.99875E-05","299.875","59837.5","true","2097152","8741775739.89162","state","state checksum; actual GEMV followed by apply_transition","5156533420041995800","5156533420041995800","true","false","true","4","0,2,4,6","1,1,1,1","0,0,0,0","true","8","2","true"
"4","2","512","1","1","gemv-only","fused","0.0001782","2.2275E-05","222.75","44419.75","true","2097152","11768529741.8631","output","output checksum; GEMV output is deterministic and state remains frozen","7649350121136269137","7649350121136269137","true","false","true","4","0,2,4,6","1,1,1,1","0,0,0,0","true","8","2","true"
"4","3","512","1","1","transition-only","fused","4.15E-05","5.1875E-06","51.875","10337.625","true","0","0","state","state checksum; apply_transition uses deterministic synthetic output","14659709760075817538","14659709760075817538","true","false","true","4","0,2,4,6","1,1,1,1","0,0,0,0","true","8","2","true"
"5","1","512","1","1","transition-only","fused","0.000304","3.8E-05","380","75862.25","true","0","0","state","state checksum; apply_transition uses deterministic synthetic output","14659709760075817538","14659709760075817538","true","false","true","4","0,2,4,6","1,1,1,1","0,0,0,0","true","8","2","true"
"5","2","512","1","1","gemv-only","fused","0.0002019","2.52375E-05","252.375","50400","true","2097152","10387082714.215","output","output checksum; GEMV output is deterministic and state remains frozen","7649350121136269137","7649350121136269137","true","false","true","4","0,2,4,6","1,1,1,1","0,0,0,0","true","8","2","true"
"5","3","512","1","1","full","fused","0.0002449","3.06125E-05","306.125","61115.125","true","2097152","8563299305.83912","state","state checksum; actual GEMV followed by apply_transition","5156533420041995800","5156533420041995800","true","false","true","4","0,2,4,6","1,1,1,1","0,0,0,0","true","8","2","true"
"6","1","512","1","1","full","fused","0.0002189","2.73625E-05","273.625","54589.875","true","2097152","9580411146.6423","state","state checksum; actual GEMV followed by apply_transition","5156533420041995800","5156533420041995800","true","false","true","4","0,2,4,6","1,1,1,1","0,0,0,0","true","8","2","true"
"6","2","512","1","1","gemv-only","fused","0.0001036","1.295E-05","129.5","25855.125","true","2097152","20242779922.7799","output","output checksum; GEMV output is deterministic and state remains frozen","7649350121136269137","7649350121136269137","true","false","true","4","0,2,4,6","1,1,1,1","0,0,0,0","true","8","2","true"
"6","3","512","1","1","transition-only","fused","4.65E-05","5.8125E-06","58.125","11572.125","true","0","0","state","state checksum; apply_transition uses deterministic synthetic output","14659709760075817538","14659709760075817538","true","false","true","4","0,2,4,6","1,1,1,1","0,0,0,0","true","8","2","true"
"7","1","512","1","1","transition-only","fused","4.2E-05","5.25E-06","52.5","10497.375","true","0","0","state","state checksum; apply_transition uses deterministic synthetic output","14659709760075817538","14659709760075817538","true","false","true","4","0,2,4,6","1,1,1,1","0,0,0,0","true","8","2","true"
"7","2","512","1","1","gemv-only","fused","0.0006603","8.25375E-05","825.375","164780.125","true","2097152","3176059366.95441","output","output checksum; GEMV output is deterministic and state remains frozen","7649350121136269137","7649350121136269137","true","false","true","4","0,2,4,6","1,1,1,1","0,0,0,0","true","8","2","true"
"7","3","512","1","1","full","fused","0.0025009","0.0003126125","3126.125","624047.5","true","2097152","838558918.789236","state","state checksum; actual GEMV followed by apply_transition","5156533420041995800","5156533420041995800","true","false","true","4","0,2,4,6","1,1,1,1","0,0,0,0","true","8","2","true"
"8","1","512","1","1","full","fused","0.0003802","4.7525E-05","475.25","94845","true","2097152","5515917937.92741","state","state checksum; actual GEMV followed by apply_transition","5156533420041995800","5156533420041995800","true","false","true","4","0,2,4,6","1,1,1,1","0,0,0,0","true","8","2","true"
"8","2","512","1","1","gemv-only","fused","0.0001141","1.42625E-05","142.625","28442.375","true","2097152","18379947414.5486","output","output checksum; GEMV output is deterministic and state remains frozen","7649350121136269137","7649350121136269137","true","false","true","4","0,2,4,6","1,1,1,1","0,0,0,0","true","8","2","true"
"8","3","512","1","1","transition-only","fused","0.000692","8.65E-05","865","172707.5","true","0","0","state","state checksum; apply_transition uses deterministic synthetic output","14659709760075817538","14659709760075817538","true","false","true","4","0,2,4,6","1,1,1,1","0,0,0,0","true","8","2","true"
"9","1","512","1","1","transition-only","fused","4.24E-05","5.3E-06","53","10620.125","true","0","0","state","state checksum; apply_transition uses deterministic synthetic output","14659709760075817538","14659709760075817538","true","false","true","4","0,2,4,6","1,1,1,1","0,0,0,0","true","8","2","true"
"9","2","512","1","1","gemv-only","fused","0.0001713","2.14125E-05","214.125","42702.5","true","2097152","12242568593.1115","output","output checksum; GEMV output is deterministic and state remains frozen","7649350121136269137","7649350121136269137","true","false","true","4","0,2,4,6","1,1,1,1","0,0,0,0","true","8","2","true"
"9","3","512","1","1","full","fused","0.0210964","0.00263705","26370.5","5264180.25","true","2097152","99408050.6626723","state","state checksum; actual GEMV followed by apply_transition","5156533420041995800","5156533420041995800","true","false","true","4","0,2,4,6","1,1,1,1","0,0,0,0","true","8","2","true"
"10","1","512","1","1","full","fused","0.0001564","1.955E-05","195.5","39052.375","true","2097152","13408900255.7545","state","state checksum; actual GEMV followed by apply_transition","5156533420041995800","5156533420041995800","true","false","true","4","0,2,4,6","1,1,1,1","0,0,0,0","true","8","2","true"
"10","2","512","1","1","gemv-only","fused","0.0002072","2.59E-05","259","51732.875","true","2097152","10121389961.39","output","output checksum; GEMV output is deterministic and state remains frozen","7649350121136269137","7649350121136269137","true","false","true","4","0,2,4,6","1,1,1,1","0,0,0,0","true","8","2","true"
"10","3","512","1","1","transition-only","fused","4.01E-05","5.0125E-06","50.125","10000.125","true","0","0","state","state checksum; apply_transition uses deterministic synthetic output","14659709760075817538","14659709760075817538","true","false","true","4","0,2,4,6","1,1,1,1","0,0,0,0","true","8","2","true"
"1","1","512","4","1","transition-only","fused","0.0005571","6.96375E-05","696.375","139037.5","true","0","0","state","state checksum; apply_transition uses deterministic synthetic output","17544176442612759010","17544176442612759010","true","false","true","4","0,2,4,6","1,1,1,1","0,0,0,0","true","8","2","true"
"1","2","512","4","1","gemv-only","fused","0.0011305","0.0001413125","1413.125","282105","true","8388608","7420263600.17691","output","output checksum; GEMV output is deterministic and state remains frozen","4248865521692537765","4248865521692537765","true","false","true","4","0,2,4,6","1,1,1,1","0,0,0,0","true","8","2","true"
"1","3","512","4","1","full","fused","0.0007152","8.94E-05","894","178480.25","true","8388608","11729038031.3199","state","state checksum; actual GEMV followed by apply_transition","5494975376828880146","5494975376828880146","true","false","true","4","0,2,4,6","1,1,1,1","0,0,0,0","true","8","2","true"
"2","1","512","4","1","full","fused","0.0007137","8.92125E-05","892.125","178054.875","true","8388608","11753689225.1646","state","state checksum; actual GEMV followed by apply_transition","5494975376828880146","5494975376828880146","true","false","true","4","0,2,4,6","1,1,1,1","0,0,0,0","true","8","2","true"
"2","2","512","4","1","gemv-only","fused","0.0005076","6.345E-05","634.5","126680","true","8388608","16526020488.5737","output","output checksum; GEMV output is deterministic and state remains frozen","4248865521692537765","4248865521692537765","true","false","true","4","0,2,4,6","1,1,1,1","0,0,0,0","true","8","2","true"
"2","3","512","4","1","transition-only","fused","0.0006262","7.8275E-05","782.75","156257.5","true","0","0","state","state checksum; apply_transition uses deterministic synthetic output","17544176442612759010","17544176442612759010","true","false","true","4","0,2,4,6","1,1,1,1","0,0,0,0","true","8","2","true"
"3","1","512","4","1","transition-only","fused","0.0001447","1.80875E-05","180.875","36090.125","true","0","0","state","state checksum; apply_transition uses deterministic synthetic output","17544176442612759010","17544176442612759010","true","false","true","4","0,2,4,6","1,1,1,1","0,0,0,0","true","8","2","true"
"3","2","512","4","1","gemv-only","fused","0.0003352","4.19E-05","419","83635","true","8388608","25025680190.9308","output","output checksum; GEMV output is deterministic and state remains frozen","4248865521692537765","4248865521692537765","true","false","true","4","0,2,4,6","1,1,1,1","0,0,0,0","true","8","2","true"
"3","3","512","4","1","full","fused","0.0004387","5.48375E-05","548.375","109452.625","true","8388608","19121513562.7992","state","state checksum; actual GEMV followed by apply_transition","5494975376828880146","5494975376828880146","true","false","true","4","0,2,4,6","1,1,1,1","0,0,0,0","true","8","2","true"
"4","1","512","4","1","full","fused","0.0007178","8.9725E-05","897.25","179160.125","true","8388608","11686553357.4812","state","state checksum; actual GEMV followed by apply_transition","5494975376828880146","5494975376828880146","true","false","true","4","0,2,4,6","1,1,1,1","0,0,0,0","true","8","2","true"
"4","2","512","4","1","gemv-only","fused","0.0005048","6.31E-05","631","125987.5","true","8388608","16617686212.3613","output","output checksum; GEMV output is deterministic and state remains frozen","4248865521692537765","4248865521692537765","true","false","true","4","0,2,4,6","1,1,1,1","0,0,0,0","true","8","2","true"
"4","3","512","4","1","transition-only","fused","0.0001816","2.27E-05","227","45317.5","true","0","0","state","state checksum; apply_transition uses deterministic synthetic output","17544176442612759010","17544176442612759010","true","false","true","4","0,2,4,6","1,1,1,1","0,0,0,0","true","8","2","true"
"5","1","512","4","1","transition-only","fused","0.0001779","2.22375E-05","222.375","44395","true","0","0","state","state checksum; apply_transition uses deterministic synthetic output","17544176442612759010","17544176442612759010","true","false","true","4","0,2,4,6","1,1,1,1","0,0,0,0","true","8","2","true"
"5","2","512","4","1","gemv-only","fused","0.0003544","4.43E-05","443","88415","true","8388608","23669887133.1828","output","output checksum; GEMV output is deterministic and state remains frozen","4248865521692537765","4248865521692537765","true","false","true","4","0,2,4,6","1,1,1,1","0,0,0,0","true","8","2","true"
"5","3","512","4","1","full","fused","0.0011766","0.000147075","1470.75","293602.5","true","8388608","7129532551.41934","state","state checksum; actual GEMV followed by apply_transition","5494975376828880146","5494975376828880146","true","false","true","4","0,2,4,6","1,1,1,1","0,0,0,0","true","8","2","true"
"6","1","512","4","1","full","fused","0.0010198","0.000127475","1274.75","254450","true","8388608","8225738380.07452","state","state checksum; actual GEMV followed by apply_transition","5494975376828880146","5494975376828880146","true","false","true","4","0,2,4,6","1,1,1,1","0,0,0,0","true","8","2","true"
"6","2","512","4","1","gemv-only","fused","0.000542","6.775E-05","677.5","135222.5","true","8388608","15477136531.3653","output","output checksum; GEMV output is deterministic and state remains frozen","4248865521692537765","4248865521692537765","true","false","true","4","0,2,4,6","1,1,1,1","0,0,0,0","true","8","2","true"
"6","3","512","4","1","transition-only","fused","0.0002738","3.4225E-05","342.25","68272.5","true","0","0","state","state checksum; apply_transition uses deterministic synthetic output","17544176442612759010","17544176442612759010","true","false","true","4","0,2,4,6","1,1,1,1","0,0,0,0","true","8","2","true"
"7","1","512","4","1","transition-only","fused","0.0001743","2.17875E-05","217.875","43492.5","true","0","0","state","state checksum; apply_transition uses deterministic synthetic output","17544176442612759010","17544176442612759010","true","false","true","4","0,2,4,6","1,1,1,1","0,0,0,0","true","8","2","true"
"7","2","512","4","1","gemv-only","fused","0.0005024","6.28E-05","628","125342.5","true","8388608","16697070063.6943","output","output checksum; GEMV output is deterministic and state remains frozen","4248865521692537765","4248865521692537765","true","false","true","4","0,2,4,6","1,1,1,1","0,0,0,0","true","8","2","true"
"7","3","512","4","1","full","fused","0.0006367","7.95875E-05","795.875","158857.5","true","8388608","13175134286.163","state","state checksum; actual GEMV followed by apply_transition","5494975376828880146","5494975376828880146","true","false","true","4","0,2,4,6","1,1,1,1","0,0,0,0","true","8","2","true"
"8","1","512","4","1","full","fused","0.001136","0.000142","1420","283460","true","8388608","7384338028.16901","state","state checksum; actual GEMV followed by apply_transition","5494975376828880146","5494975376828880146","true","false","true","4","0,2,4,6","1,1,1,1","0,0,0,0","true","8","2","true"
"8","2","512","4","1","gemv-only","fused","0.0010366","0.000129575","1295.75","258705","true","8388608","8092425236.3496","output","output checksum; GEMV output is deterministic and state remains frozen","4248865521692537765","4248865521692537765","true","false","true","4","0,2,4,6","1,1,1,1","0,0,0,0","true","8","2","true"
"8","3","512","4","1","transition-only","fused","0.0001966","2.4575E-05","245.75","49080.125","true","0","0","state","state checksum; apply_transition uses deterministic synthetic output","17544176442612759010","17544176442612759010","true","false","true","4","0,2,4,6","1,1,1,1","0,0,0,0","true","8","2","true"
"9","1","512","4","1","transition-only","fused","0.0004832","6.04E-05","604","120577.5","true","0","0","state","state checksum; apply_transition uses deterministic synthetic output","17544176442612759010","17544176442612759010","true","false","true","4","0,2,4,6","1,1,1,1","0,0,0,0","true","8","2","true"
"9","2","512","4","1","gemv-only","fused","0.0005295","6.61875E-05","661.875","132130","true","8388608","15842508026.44","output","output checksum; GEMV output is deterministic and state remains frozen","4248865521692537765","4248865521692537765","true","false","true","4","0,2,4,6","1,1,1,1","0,0,0,0","true","8","2","true"
"9","3","512","4","1","full","fused","0.0007877","9.84625E-05","984.625","196570.125","true","8388608","10649496001.0156","state","state checksum; actual GEMV followed by apply_transition","5494975376828880146","5494975376828880146","true","false","true","4","0,2,4,6","1,1,1,1","0,0,0,0","true","8","2","true"
"10","1","512","4","1","full","fused","0.000567","7.0875E-05","708.75","141472.25","true","8388608","14794723104.0564","state","state checksum; actual GEMV followed by apply_transition","5494975376828880146","5494975376828880146","true","false","true","4","0,2,4,6","1,1,1,1","0,0,0,0","true","8","2","true"
"10","2","512","4","1","gemv-only","fused","0.000601","7.5125E-05","751.25","149970.25","true","8388608","13957750415.9734","output","output checksum; GEMV output is deterministic and state remains frozen","4248865521692537765","4248865521692537765","true","false","true","4","0,2,4,6","1,1,1,1","0,0,0,0","true","8","2","true"
"10","3","512","4","1","transition-only","fused","0.0001466","1.8325E-05","183.25","36577.375","true","0","0","state","state checksum; apply_transition uses deterministic synthetic output","17544176442612759010","17544176442612759010","true","false","true","4","0,2,4,6","1,1,1,1","0,0,0,0","true","8","2","true"
"1","1","512","8","1","transition-only","fused","0.0006785","8.48125E-05","848.125","169277.5","true","0","0","state","state checksum; apply_transition uses deterministic synthetic output","14302777025956857287","14302777025956857287","true","false","true","4","0,2,4,6","1,1,1,1","0,0,0,0","true","8","2","true"
"1","2","512","8","1","gemv-only","fused","0.0020512","0.0002564","2564","511817.5","true","16777216","8179219968.79875","output","output checksum; GEMV output is deterministic and state remains frozen","10291565644549863803","10291565644549863803","true","false","true","4","0,2,4,6","1,1,1,1","0,0,0,0","true","8","2","true"
"1","3","512","8","1","full","fused","0.0032095","0.0004011875","4011.875","800932.625","true","16777216","5227361271.22605","state","state checksum; actual GEMV followed by apply_transition","3842179408685066247","3842179408685066247","true","false","true","4","0,2,4,6","1,1,1,1","0,0,0,0","true","8","2","true"
"2","1","512","8","1","full","fused","0.0082783","0.0010347875","10347.875","2065687.5","true","16777216","2026649916.04556","state","state checksum; actual GEMV followed by apply_transition","3842179408685066247","3842179408685066247","true","false","true","4","0,2,4,6","1,1,1,1","0,0,0,0","true","8","2","true"
"2","2","512","8","1","gemv-only","fused","0.0020358","0.000254475","2544.75","507977.5","true","16777216","8241092445.23038","output","output checksum; GEMV output is deterministic and state remains frozen","10291565644549863803","10291565644549863803","true","false","true","4","0,2,4,6","1,1,1,1","0,0,0,0","true","8","2","true"
"2","3","512","8","1","transition-only","fused","0.0004386","5.4825E-05","548.25","109479.875","true","0","0","state","state checksum; apply_transition uses deterministic synthetic output","14302777025956857287","14302777025956857287","true","false","true","4","0,2,4,6","1,1,1,1","0,0,0,0","true","8","2","true"
"3","1","512","8","1","transition-only","fused","0.0005397","6.74625E-05","674.625","134642.375","true","0","0","state","state checksum; apply_transition uses deterministic synthetic output","14302777025956857287","14302777025956857287","true","false","true","4","0,2,4,6","1,1,1,1","0,0,0,0","true","8","2","true"
"3","2","512","8","1","gemv-only","fused","0.0016312","0.0002039","2039","407080.125","true","16777216","10285198626.7778","output","output checksum; GEMV output is deterministic and state remains frozen","10291565644549863803","10291565644549863803","true","false","true","4","0,2,4,6","1,1,1,1","0,0,0,0","true","8","2","true"
"3","3","512","8","1","full","fused","0.0023614","0.000295175","2951.75","589277.625","true","16777216","7104775133.39544","state","state checksum; actual GEMV followed by apply_transition","3842179408685066247","3842179408685066247","true","false","true","4","0,2,4,6","1,1,1,1","0,0,0,0","true","8","2","true"
"4","1","512","8","1","full","fused","0.0019738","0.000246725","2467.25","492527.75","true","16777216","8499957442.49671","state","state checksum; actual GEMV followed by apply_transition","3842179408685066247","3842179408685066247","true","false","true","4","0,2,4,6","1,1,1,1","0,0,0,0","true","8","2","true"
"4","2","512","8","1","gemv-only","fused","0.0022649","0.0002831125","2831.125","565199.875","true","16777216","7407486423.24164","output","output checksum; GEMV output is deterministic and state remains frozen","10291565644549863803","10291565644549863803","true","false","true","4","0,2,4,6","1,1,1,1","0,0,0,0","true","8","2","true"
"4","3","512","8","1","transition-only","fused","0.000226","2.825E-05","282.5","56400.375","true","0","0","state","state checksum; apply_transition uses deterministic synthetic output","14302777025956857287","14302777025956857287","true","false","true","4","0,2,4,6","1,1,1,1","0,0,0,0","true","8","2","true"
"5","1","512","8","1","transition-only","fused","0.0002503","3.12875E-05","312.875","62420","true","0","0","state","state checksum; apply_transition uses deterministic synthetic output","14302777025956857287","14302777025956857287","true","false","true","4","0,2,4,6","1,1,1,1","0,0,0,0","true","8","2","true"
"5","2","512","8","1","gemv-only","fused","0.0017719","0.0002214875","2214.875","442122.75","true","16777216","9468489192.39235","output","output checksum; GEMV output is deterministic and state remains frozen","10291565644549863803","10291565644549863803","true","false","true","4","0,2,4,6","1,1,1,1","0,0,0,0","true","8","2","true"
"5","3","512","8","1","full","fused","0.0029319","0.0003664875","3664.875","731590","true","16777216","5722301579.18074","state","state checksum; actual GEMV followed by apply_transition","3842179408685066247","3842179408685066247","true","false","true","4","0,2,4,6","1,1,1,1","0,0,0,0","true","8","2","true"
"6","1","512","8","1","full","fused","0.0020432","0.0002554","2554","509830.125","true","16777216","8211245105.71652","state","state checksum; actual GEMV followed by apply_transition","3842179408685066247","3842179408685066247","true","false","true","4","0,2,4,6","1,1,1,1","0,0,0,0","true","8","2","true"
"6","2","512","8","1","gemv-only","fused","0.0024282","0.000303525","3035.25","605892.5","true","16777216","6909322131.62013","output","output checksum; GEMV output is deterministic and state remains frozen","10291565644549863803","10291565644549863803","true","false","true","4","0,2,4,6","1,1,1,1","0,0,0,0","true","8","2","true"
"6","3","512","8","1","transition-only","fused","0.0002286","2.8575E-05","285.75","57047.375","true","0","0","state","state checksum; apply_transition uses deterministic synthetic output","14302777025956857287","14302777025956857287","true","false","true","4","0,2,4,6","1,1,1,1","0,0,0,0","true","8","2","true"
"7","1","512","8","1","transition-only","fused","0.0337001","0.0042125125","42125.125","8409220.125","true","0","0","state","state checksum; apply_transition uses deterministic synthetic output","14302777025956857287","14302777025956857287","true","false","true","4","0,2,4,6","1,1,1,1","0,0,0,0","true","8","2","true"
"7","2","512","8","1","gemv-only","fused","0.0017766","0.000222075","2220.75","443299.875","true","16777216","9443440279.18496","output","output checksum; GEMV output is deterministic and state remains frozen","10291565644549863803","10291565644549863803","true","false","true","4","0,2,4,6","1,1,1,1","0,0,0,0","true","8","2","true"
"7","3","512","8","1","full","fused","0.0023716","0.00029645","2964.5","591815.125","true","16777216","7074218249.28318","state","state checksum; actual GEMV followed by apply_transition","3842179408685066247","3842179408685066247","true","false","true","4","0,2,4,6","1,1,1,1","0,0,0,0","true","8","2","true"
"8","1","512","8","1","full","fused","0.0027074","0.000338425","3384.25","675589.875","true","16777216","6196799881.80542","state","state checksum; actual GEMV followed by apply_transition","3842179408685066247","3842179408685066247","true","false","true","4","0,2,4,6","1,1,1,1","0,0,0,0","true","8","2","true"
"8","2","512","8","1","gemv-only","fused","0.0019268","0.00024085","2408.5","480745.125","true","16777216","8707294996.88603","output","output checksum; GEMV output is deterministic and state remains frozen","10291565644549863803","10291565644549863803","true","false","true","4","0,2,4,6","1,1,1,1","0,0,0,0","true","8","2","true"
"8","3","512","8","1","transition-only","fused","0.0005357","6.69625E-05","669.625","133612.5","true","0","0","state","state checksum; apply_transition uses deterministic synthetic output","14302777025956857287","14302777025956857287","true","false","true","4","0,2,4,6","1,1,1,1","0,0,0,0","true","8","2","true"
"9","1","512","8","1","transition-only","fused","0.0006832","8.54E-05","854","170467.5","true","0","0","state","state checksum; apply_transition uses deterministic synthetic output","14302777025956857287","14302777025956857287","true","false","true","4","0,2,4,6","1,1,1,1","0,0,0,0","true","8","2","true"
"9","2","512","8","1","gemv-only","fused","0.002067","0.000258375","2583.75","515800.25","true","16777216","8116698597.00048","output","output checksum; GEMV output is deterministic and state remains frozen","10291565644549863803","10291565644549863803","true","false","true","4","0,2,4,6","1,1,1,1","0,0,0,0","true","8","2","true"
"9","3","512","8","1","full","fused","0.0024306","0.000303825","3038.25","606527.375","true","16777216","6902499794.28948","state","state checksum; actual GEMV followed by apply_transition","3842179408685066247","3842179408685066247","true","false","true","4","0,2,4,6","1,1,1,1","0,0,0,0","true","8","2","true"
"10","1","512","8","1","full","fused","0.0025106","0.000313825","3138.25","626437.5","true","16777216","6682552377.91763","state","state checksum; actual GEMV followed by apply_transition","3842179408685066247","3842179408685066247","true","false","true","4","0,2,4,6","1,1,1,1","0,0,0,0","true","8","2","true"
"10","2","512","8","1","gemv-only","fused","0.0017571","0.0002196375","2196.375","438440","true","16777216","9548241989.64202","output","output checksum; GEMV output is deterministic and state remains frozen","10291565644549863803","10291565644549863803","true","false","true","4","0,2,4,6","1,1,1,1","0,0,0,0","true","8","2","true"
"10","3","512","8","1","transition-only","fused","0.0002273","2.84125E-05","284.125","56712.5","true","0","0","state","state checksum; apply_transition uses deterministic synthetic output","14302777025956857287","14302777025956857287","true","false","true","4","0,2,4,6","1,1,1,1","0,0,0,0","true","8","2","true"
"1","1","512","16","1","transition-only","fused","0.0006102","7.6275E-05","762.75","152260","true","0","0","state","state checksum; apply_transition uses deterministic synthetic output","15721343852480694635","15721343852480694635","true","false","true","4","0,2,4,6","1,1,1,1","0,0,0,0","true","8","2","true"
"1","2","512","16","1","gemv-only","fused","0.0046052","0.00057565","5756.5","1149187.5","true","33554432","7286205159.38504","output","output checksum; GEMV output is deterministic and state remains frozen","990135718269287460","990135718269287460","true","false","true","4","0,2,4,6","1,1,1,1","0,0,0,0","true","8","2","true"
"1","3","512","16","1","full","fused","0.0056064","0.0007008","7008","1398965","true","33554432","5985022831.05023","state","state checksum; actual GEMV followed by apply_transition","3144505421455985126","3144505421455985126","true","false","true","4","0,2,4,6","1,1,1,1","0,0,0,0","true","8","2","true"
"2","1","512","16","1","full","fused","0.005494","0.00068675","6867.5","1370917.375","true","33554432","6107468511.10302","state","state checksum; actual GEMV followed by apply_transition","3144505421455985126","3144505421455985126","true","false","true","4","0,2,4,6","1,1,1,1","0,0,0,0","true","8","2","true"
"2","2","512","16","1","gemv-only","fused","0.004892","0.0006115","6115","1220685.125","true","33554432","6859041700.73589","output","output checksum; GEMV output is deterministic and state remains frozen","990135718269287460","990135718269287460","true","false","true","4","0,2,4,6","1,1,1,1","0,0,0,0","true","8","2","true"
"2","3","512","16","1","transition-only","fused","0.0005094","6.3675E-05","636.75","127112.5","true","0","0","state","state checksum; apply_transition uses deterministic synthetic output","15721343852480694635","15721343852480694635","true","false","true","4","0,2,4,6","1,1,1,1","0,0,0,0","true","8","2","true"
"3","1","512","16","1","transition-only","fused","0.0005095","6.36875E-05","636.875","127185","true","0","0","state","state checksum; apply_transition uses deterministic synthetic output","15721343852480694635","15721343852480694635","true","false","true","4","0,2,4,6","1,1,1,1","0,0,0,0","true","8","2","true"
"3","2","512","16","1","gemv-only","fused","0.00472","0.00059","5900","1177772.375","true","33554432","7108989830.50847","output","output checksum; GEMV output is deterministic and state remains frozen","990135718269287460","990135718269287460","true","false","true","4","0,2,4,6","1,1,1,1","0,0,0,0","true","8","2","true"
"3","3","512","16","1","full","fused","0.0056059","0.0007007375","7007.375","1398842.375","true","33554432","5985556645.67688","state","state checksum; actual GEMV followed by apply_transition","3144505421455985126","3144505421455985126","true","false","true","4","0,2,4,6","1,1,1,1","0,0,0,0","true","8","2","true"
"4","1","512","16","1","full","fused","0.00537","0.00067125","6712.5","1339962.5","true","33554432","6248497579.14339","state","state checksum; actual GEMV followed by apply_transition","3144505421455985126","3144505421455985126","true","false","true","4","0,2,4,6","1,1,1,1","0,0,0,0","true","8","2","true"
"4","2","512","16","1","gemv-only","fused","0.004891","0.000611375","6113.75","1220427.625","true","33554432","6860444080.96504","output","output checksum; GEMV output is deterministic and state remains frozen","990135718269287460","990135718269287460","true","false","true","4","0,2,4,6","1,1,1,1","0,0,0,0","true","8","2","true"
"4","3","512","16","1","transition-only","fused","0.0010701","0.0001337625","1337.625","266992.5","true","0","0","state","state checksum; apply_transition uses deterministic synthetic output","15721343852480694635","15721343852480694635","true","false","true","4","0,2,4,6","1,1,1,1","0,0,0,0","true","8","2","true"
"5","1","512","16","1","transition-only","fused","0.0260502","0.003256275","32562.75","6500382.125","true","0","0","state","state checksum; apply_transition uses deterministic synthetic output","15721343852480694635","15721343852480694635","true","false","true","4","0,2,4,6","1,1,1,1","0,0,0,0","true","8","2","true"
"5","2","512","16","1","gemv-only","fused","0.0053724","0.00067155","6715.5","1340635","true","33554432","6245706202.06984","output","output checksum; GEMV output is deterministic and state remains frozen","990135718269287460","990135718269287460","true","false","true","4","0,2,4,6","1,1,1,1","0,0,0,0","true","8","2","true"
"5","3","512","16","1","full","fused","0.0053986","0.000674825","6748.25","1347122.375","true","33554432","6215395102.43396","state","state checksum; actual GEMV followed by apply_transition","3144505421455985126","3144505421455985126","true","false","true","4","0,2,4,6","1,1,1,1","0,0,0,0","true","8","2","true"
"6","1","512","16","1","full","fused","0.0058073","0.0007259125","7259.125","1449104.875","true","33554432","5777974618.15301","state","state checksum; actual GEMV followed by apply_transition","3144505421455985126","3144505421455985126","true","false","true","4","0,2,4,6","1,1,1,1","0,0,0,0","true","8","2","true"
"6","2","512","16","1","gemv-only","fused","0.0047205","0.0005900625","5900.625","1177889.875","true","33554432","7108236839.31787","output","output checksum; GEMV output is deterministic and state remains frozen","990135718269287460","990135718269287460","true","false","true","4","0,2,4,6","1,1,1,1","0,0,0,0","true","8","2","true"
"6","3","512","16","1","transition-only","fused","0.0006028","7.535E-05","753.5","150427.5","true","0","0","state","state checksum; apply_transition uses deterministic synthetic output","15721343852480694635","15721343852480694635","true","false","true","4","0,2,4,6","1,1,1,1","0,0,0,0","true","8","2","true"
"7","1","512","16","1","transition-only","fused","0.0005176","6.47E-05","647","129125","true","0","0","state","state checksum; apply_transition uses deterministic synthetic output","15721343852480694635","15721343852480694635","true","false","true","4","0,2,4,6","1,1,1,1","0,0,0,0","true","8","2","true"
"7","2","512","16","1","gemv-only","fused","0.0055319","0.0006914875","6914.875","1380392.5","true","33554432","6065625192.06782","output","output checksum; GEMV output is deterministic and state remains frozen","990135718269287460","990135718269287460","true","false","true","4","0,2,4,6","1,1,1,1","0,0,0,0","true","8","2","true"
"7","3","512","16","1","full","fused","0.0060812","0.00076015","7601.5","1517472.5","true","33554432","5517732026.5737","state","state checksum; actual GEMV followed by apply_transition","3144505421455985126","3144505421455985126","true","false","true","4","0,2,4,6","1,1,1,1","0,0,0,0","true","8","2","true"
"8","1","512","16","1","full","fused","0.0061325","0.0007665625","7665.625","1530200","true","33554432","5471574724.82674","state","state checksum; actual GEMV followed by apply_transition","3144505421455985126","3144505421455985126","true","false","true","4","0,2,4,6","1,1,1,1","0,0,0,0","true","8","2","true"
"8","2","512","16","1","gemv-only","fused","0.0055111","0.0006888875","6888.875","1375222.5","true","33554432","6088518081.68968","output","output checksum; GEMV output is deterministic and state remains frozen","990135718269287460","990135718269287460","true","false","true","4","0,2,4,6","1,1,1,1","0,0,0,0","true","8","2","true"
"8","3","512","16","1","transition-only","fused","0.0005173","6.46625E-05","646.625","129100","true","0","0","state","state checksum; apply_transition uses deterministic synthetic output","15721343852480694635","15721343852480694635","true","false","true","4","0,2,4,6","1,1,1,1","0,0,0,0","true","8","2","true"
"9","1","512","16","1","transition-only","fused","0.0007187","8.98375E-05","898.375","179357.625","true","0","0","state","state checksum; apply_transition uses deterministic synthetic output","15721343852480694635","15721343852480694635","true","false","true","4","0,2,4,6","1,1,1,1","0,0,0,0","true","8","2","true"
"9","2","512","16","1","gemv-only","fused","0.0057285","0.0007160625","7160.625","1429460","true","33554432","5857455180.23915","output","output checksum; GEMV output is deterministic and state remains frozen","990135718269287460","990135718269287460","true","false","true","4","0,2,4,6","1,1,1,1","0,0,0,0","true","8","2","true"
"9","3","512","16","1","full","fused","0.0061894","0.000773675","7736.75","1544462.5","true","33554432","5421273790.67438","state","state checksum; actual GEMV followed by apply_transition","3144505421455985126","3144505421455985126","true","false","true","4","0,2,4,6","1,1,1,1","0,0,0,0","true","8","2","true"
"10","1","512","16","1","full","fused","0.0061764","0.00077205","7720.5","1541217.5","true","33554432","5432684411.63137","state","state checksum; actual GEMV followed by apply_transition","3144505421455985126","3144505421455985126","true","false","true","4","0,2,4,6","1,1,1,1","0,0,0,0","true","8","2","true"
"10","2","512","16","1","gemv-only","fused","0.0053069","0.0006633625","6633.625","1324267.375","true","33554432","6322793344.51375","output","output checksum; GEMV output is deterministic and state remains frozen","990135718269287460","990135718269287460","true","false","true","4","0,2,4,6","1,1,1,1","0,0,0,0","true","8","2","true"
"10","3","512","16","1","transition-only","fused","0.0007486","9.3575E-05","935.75","186822.5","true","0","0","state","state checksum; apply_transition uses deterministic synthetic output","15721343852480694635","15721343852480694635","true","false","true","4","0,2,4,6","1,1,1,1","0,0,0,0","true","8","2","true"
