"D","S","R","round","reference_checksum","fused_checksum","repeat_checksum","reference_finite","fused_finite","repeat_finite","reference_overflow","fused_overflow","repeat_overflow","reference_clipped_cells","fused_clipped_cells","repeat_clipped_cells","total_cells","expected_equal_cells","fused_cells_equal_to_reference","repeat_cells_equal_to_reference","reference_clipping_rate","fused_clipping_rate","repeat_clipping_rate"
"37","1","16","1","650311547126108762","650311547126108762","650311547126108762","true","true","true","false","false","false","1","1","1","37","37","37","37","0.027027027","0.027027027","0.027027027"
"37","1","16","2","17974429469750960587","17974429469750960587","17974429469750960587","true","true","true","false","false","false","0","0","0","37","37","37","37","0.000000000","0.000000000","0.000000000"
"37","1","16","3","17948820802098718694","17948820802098718694","17948820802098718694","true","true","true","false","false","false","0","0","0","37","37","37","37","0.000000000","0.000000000","0.000000000"
"37","1","16","4","8212896939338543897","8212896939338543897","8212896939338543897","true","true","true","false","false","false","0","0","0","37","37","37","37","0.000000000","0.000000000","0.000000000"
"37","1","16","5","12533620992110663934","12533620992110663934","12533620992110663934","true","true","true","false","false","false","0","0","0","37","37","37","37","0.000000000","0.000000000","0.000000000"
"37","1","16","6","10219786954388986476","10219786954388986476","10219786954388986476","true","true","true","false","false","false","0","0","0","37","37","37","37","0.000000000","0.000000000","0.000000000"
"37","1","16","7","15656493502668063968","15656493502668063968","15656493502668063968","true","true","true","false","false","false","0","0","0","37","37","37","37","0.000000000","0.000000000","0.000000000"
"37","1","16","8","4167529713564390943","4167529713564390943","4167529713564390943","true","true","true","false","false","false","0","0","0","37","37","37","37","0.000000000","0.000000000","0.000000000"
"37","1","16","9","3027263064692297854","3027263064692297854","3027263064692297854","true","true","true","false","false","false","0","0","0","37","37","37","37","0.000000000","0.000000000","0.000000000"
"37","1","16","10","15744441294524184927","15744441294524184927","15744441294524184927","true","true","true","false","false","false","0","0","0","37","37","37","37","0.000000000","0.000000000","0.000000000"
"37","1","16","11","15232019390145503408","15232019390145503408","15232019390145503408","true","true","true","false","false","false","0","0","0","37","37","37","37","0.000000000","0.000000000","0.000000000"
"37","1","16","12","657802119313479731","657802119313479731","657802119313479731","true","true","true","false","false","false","0","0","0","37","37","37","37","0.000000000","0.000000000","0.000000000"
"37","1","16","13","5414646662708695801","5414646662708695801","5414646662708695801","true","true","true","false","false","false","0","0","0","37","37","37","37","0.000000000","0.000000000","0.000000000"
"37","1","16","14","2696028377632071204","2696028377632071204","2696028377632071204","true","true","true","false","false","false","0","0","0","37","37","37","37","0.000000000","0.000000000","0.000000000"
"37","1","16","15","1866674955760955443","1866674955760955443","1866674955760955443","true","true","true","false","false","false","0","0","0","37","37","37","37","0.000000000","0.000000000","0.000000000"
"37","1","16","16","4863240949859644399","4863240949859644399","4863240949859644399","true","true","true","false","false","false","0","0","0","37","37","37","37","0.000000000","0.000000000","0.000000000"
"37","4","16","1","3183924236116631669","3183924236116631669","3183924236116631669","true","true","true","false","false","false","1","1","1","148","148","148","148","0.006756757","0.006756757","0.006756757"
"37","4","16","2","11022991640569378","11022991640569378","11022991640569378","true","true","true","false","false","false","0","0","0","148","148","148","148","0.000000000","0.000000000","0.000000000"
"37","4","16","3","15906443596009704454","15906443596009704454","15906443596009704454","true","true","true","false","false","false","0","0","0","148","148","148","148","0.000000000","0.000000000","0.000000000"
"37","4","16","4","2755379577827853614","2755379577827853614","2755379577827853614","true","true","true","false","false","false","0","0","0","148","148","148","148","0.000000000","0.000000000","0.000000000"
"37","4","16","5","5558619484149040532","5558619484149040532","5558619484149040532","true","true","true","false","false","false","0","0","0","148","148","148","148","0.000000000","0.000000000","0.000000000"
"37","4","16","6","8568937542730663169","8568937542730663169","8568937542730663169","true","true","true","false","false","false","0","0","0","148","148","148","148","0.000000000","0.000000000","0.000000000"
"37","4","16","7","11569340621261753419","11569340621261753419","11569340621261753419","true","true","true","false","false","false","0","0","0","148","148","148","148","0.000000000","0.000000000","0.000000000"
"37","4","16","8","209884211585681568","209884211585681568","209884211585681568","true","true","true","false","false","false","0","0","0","148","148","148","148","0.000000000","0.000000000","0.000000000"
"37","4","16","9","11148137556738826887","11148137556738826887","11148137556738826887","true","true","true","false","false","false","0","0","0","148","148","148","148","0.000000000","0.000000000","0.000000000"
"37","4","16","10","9050976852864465876","9050976852864465876","9050976852864465876","true","true","true","false","false","false","0","0","0","148","148","148","148","0.000000000","0.000000000","0.000000000"
"37","4","16","11","12132978399377241372","12132978399377241372","12132978399377241372","true","true","true","false","false","false","0","0","0","148","148","148","148","0.000000000","0.000000000","0.000000000"
"37","4","16","12","1184645180880652987","1184645180880652987","1184645180880652987","true","true","true","false","false","false","0","0","0","148","148","148","148","0.000000000","0.000000000","0.000000000"
"37","4","16","13","2518413285047623933","2518413285047623933","2518413285047623933","true","true","true","false","false","false","0","0","0","148","148","148","148","0.000000000","0.000000000","0.000000000"
"37","4","16","14","14220543898539992415","14220543898539992415","14220543898539992415","true","true","true","false","false","false","0","0","0","148","148","148","148","0.000000000","0.000000000","0.000000000"
"37","4","16","15","13353535117130625465","13353535117130625465","13353535117130625465","true","true","true","false","false","false","0","0","0","148","148","148","148","0.000000000","0.000000000","0.000000000"
"37","4","16","16","15450543721380042086","15450543721380042086","15450543721380042086","true","true","true","false","false","false","0","0","0","148","148","148","148","0.000000000","0.000000000","0.000000000"
"53","1","16","1","8847196142759637967","8847196142759637967","8847196142759637967","true","true","true","false","false","false","1","1","1","53","53","53","53","0.018867925","0.018867925","0.018867925"
"53","1","16","2","12849141857670020091","12849141857670020091","12849141857670020091","true","true","true","false","false","false","0","0","0","53","53","53","53","0.000000000","0.000000000","0.000000000"
"53","1","16","3","12268325030619831387","12268325030619831387","12268325030619831387","true","true","true","false","false","false","0","0","0","53","53","53","53","0.000000000","0.000000000","0.000000000"
"53","1","16","4","3866882481887258962","3866882481887258962","3866882481887258962","true","true","true","false","false","false","0","0","0","53","53","53","53","0.000000000","0.000000000","0.000000000"
"53","1","16","5","13830093767865610007","13830093767865610007","13830093767865610007","true","true","true","false","false","false","0","0","0","53","53","53","53","0.000000000","0.000000000","0.000000000"
"53","1","16","6","16394722164519212012","16394722164519212012","16394722164519212012","true","true","true","false","false","false","0","0","0","53","53","53","53","0.000000000","0.000000000","0.000000000"
"53","1","16","7","14338801022908736680","14338801022908736680","14338801022908736680","true","true","true","false","false","false","0","0","0","53","53","53","53","0.000000000","0.000000000","0.000000000"
"53","1","16","8","11224722858268020615","11224722858268020615","11224722858268020615","true","true","true","false","false","false","0","0","0","53","53","53","53","0.000000000","0.000000000","0.000000000"
"53","1","16","9","17542223520708190767","17542223520708190767","17542223520708190767","true","true","true","false","false","false","0","0","0","53","53","53","53","0.000000000","0.000000000","0.000000000"
"53","1","16","10","3627050116735635815","3627050116735635815","3627050116735635815","true","true","true","false","false","false","0","0","0","53","53","53","53","0.000000000","0.000000000","0.000000000"
"53","1","16","11","7209103175624285953","7209103175624285953","7209103175624285953","true","true","true","false","false","false","0","0","0","53","53","53","53","0.000000000","0.000000000","0.000000000"
"53","1","16","12","17920424013023980868","17920424013023980868","17920424013023980868","true","true","true","false","false","false","0","0","0","53","53","53","53","0.000000000","0.000000000","0.000000000"
"53","1","16","13","7722586806119734988","7722586806119734988","7722586806119734988","true","true","true","false","false","false","0","0","0","53","53","53","53","0.000000000","0.000000000","0.000000000"
"53","1","16","14","15389061675908950708","15389061675908950708","15389061675908950708","true","true","true","false","false","false","0","0","0","53","53","53","53","0.000000000","0.000000000","0.000000000"
"53","1","16","15","5277876877959407889","5277876877959407889","5277876877959407889","true","true","true","false","false","false","0","0","0","53","53","53","53","0.000000000","0.000000000","0.000000000"
"53","1","16","16","9524675780092438829","9524675780092438829","9524675780092438829","true","true","true","false","false","false","0","0","0","53","53","53","53","0.000000000","0.000000000","0.000000000"
"53","4","16","1","9727149121423736159","9727149121423736159","9727149121423736159","true","true","true","false","false","false","1","1","1","212","212","212","212","0.004716981","0.004716981","0.004716981"
"53","4","16","2","588745768404928997","588745768404928997","588745768404928997","true","true","true","false","false","false","0","0","0","212","212","212","212","0.000000000","0.000000000","0.000000000"
"53","4","16","3","16865931945121714732","16865931945121714732","16865931945121714732","true","true","true","false","false","false","0","0","0","212","212","212","212","0.000000000","0.000000000","0.000000000"
"53","4","16","4","11216967072328430210","11216967072328430210","11216967072328430210","true","true","true","false","false","false","0","0","0","212","212","212","212","0.000000000","0.000000000","0.000000000"
"53","4","16","5","8569224242620649498","8569224242620649498","8569224242620649498","true","true","true","false","false","false","0","0","0","212","212","212","212","0.000000000","0.000000000","0.000000000"
"53","4","16","6","17544199660757500409","17544199660757500409","17544199660757500409","true","true","true","false","false","false","0","0","0","212","212","212","212","0.000000000","0.000000000","0.000000000"
"53","4","16","7","17398584555169843937","17398584555169843937","17398584555169843937","true","true","true","false","false","false","0","0","0","212","212","212","212","0.000000000","0.000000000","0.000000000"
"53","4","16","8","15971157021253598052","15971157021253598052","15971157021253598052","true","true","true","false","false","false","0","0","0","212","212","212","212","0.000000000","0.000000000","0.000000000"
"53","4","16","9","718436679542033381","718436679542033381","718436679542033381","true","true","true","false","false","false","0","0","0","212","212","212","212","0.000000000","0.000000000","0.000000000"
"53","4","16","10","16705361984372984951","16705361984372984951","16705361984372984951","true","true","true","false","false","false","0","0","0","212","212","212","212","0.000000000","0.000000000","0.000000000"
"53","4","16","11","3646933487254528189","3646933487254528189","3646933487254528189","true","true","true","false","false","false","0","0","0","212","212","212","212","0.000000000","0.000000000","0.000000000"
"53","4","16","12","3229877480198154905","3229877480198154905","3229877480198154905","true","true","true","false","false","false","0","0","0","212","212","212","212","0.000000000","0.000000000","0.000000000"
"53","4","16","13","5760448577065826631","5760448577065826631","5760448577065826631","true","true","true","false","false","false","0","0","0","212","212","212","212","0.000000000","0.000000000","0.000000000"
"53","4","16","14","6480175673364220646","6480175673364220646","6480175673364220646","true","true","true","false","false","false","0","0","0","212","212","212","212","0.000000000","0.000000000","0.000000000"
"53","4","16","15","9278886632799648266","9278886632799648266","9278886632799648266","true","true","true","false","false","false","0","0","0","212","212","212","212","0.000000000","0.000000000","0.000000000"
"53","4","16","16","3958944752630561920","3958944752630561920","3958944752630561920","true","true","true","false","false","false","0","0","0","212","212","212","212","0.000000000","0.000000000","0.000000000"
"512","1","16","1","14898899009124988422","14898899009124988422","14898899009124988422","true","true","true","false","false","false","1","1","1","512","512","512","512","0.001953125","0.001953125","0.001953125"
"512","1","16","2","6462045683963481239","6462045683963481239","6462045683963481239","true","true","true","false","false","false","0","0","0","512","512","512","512","0.000000000","0.000000000","0.000000000"
"512","1","16","3","9210068611097798360","9210068611097798360","9210068611097798360","true","true","true","false","false","false","0","0","0","512","512","512","512","0.000000000","0.000000000","0.000000000"
"512","1","16","4","12481171535945928788","12481171535945928788","12481171535945928788","true","true","true","false","false","false","0","0","0","512","512","512","512","0.000000000","0.000000000","0.000000000"
"512","1","16","5","8500892489455137714","8500892489455137714","8500892489455137714","true","true","true","false","false","false","0","0","0","512","512","512","512","0.000000000","0.000000000","0.000000000"
"512","1","16","6","2592931602293563195","2592931602293563195","2592931602293563195","true","true","true","false","false","false","1","1","1","512","512","512","512","0.001953125","0.001953125","0.001953125"
"512","1","16","7","2677646739092701351","2677646739092701351","2677646739092701351","true","true","true","false","false","false","0","0","0","512","512","512","512","0.000000000","0.000000000","0.000000000"
"512","1","16","8","2380899296000655185","2380899296000655185","2380899296000655185","true","true","true","false","false","false","0","0","0","512","512","512","512","0.000000000","0.000000000","0.000000000"
"512","1","16","9","11191424228672591386","11191424228672591386","11191424228672591386","true","true","true","false","false","false","0","0","0","512","512","512","512","0.000000000","0.000000000","0.000000000"
"512","1","16","10","14619680851703744493","14619680851703744493","14619680851703744493","true","true","true","false","false","false","0","0","0","512","512","512","512","0.000000000","0.000000000","0.000000000"
"512","1","16","11","1227607263135864893","1227607263135864893","1227607263135864893","true","true","true","false","false","false","0","0","0","512","512","512","512","0.000000000","0.000000000","0.000000000"
"512","1","16","12","17424468294133252624","17424468294133252624","17424468294133252624","true","true","true","false","false","false","0","0","0","512","512","512","512","0.000000000","0.000000000","0.000000000"
"512","1","16","13","16801946052581371135","16801946052581371135","16801946052581371135","true","true","true","false","false","false","0","0","0","512","512","512","512","0.000000000","0.000000000","0.000000000"
"512","1","16","14","13061931570971092385","13061931570971092385","13061931570971092385","true","true","true","false","false","false","0","0","0","512","512","512","512","0.000000000","0.000000000","0.000000000"
"512","1","16","15","16665463178324712850","16665463178324712850","16665463178324712850","true","true","true","false","false","false","0","0","0","512","512","512","512","0.000000000","0.000000000","0.000000000"
"512","1","16","16","17278782109416324485","17278782109416324485","17278782109416324485","true","true","true","false","false","false","0","0","0","512","512","512","512","0.000000000","0.000000000","0.000000000"
"512","4","16","1","802585874622107506","802585874622107506","802585874622107506","true","true","true","false","false","false","1","1","1","2048","2048","2048","2048","0.000488281","0.000488281","0.000488281"
"512","4","16","2","6843137336401301878","6843137336401301878","6843137336401301878","true","true","true","false","false","false","0","0","0","2048","2048","2048","2048","0.000000000","0.000000000","0.000000000"
"512","4","16","3","243492792431758581","243492792431758581","243492792431758581","true","true","true","false","false","false","0","0","0","2048","2048","2048","2048","0.000000000","0.000000000","0.000000000"
"512","4","16","4","14059103276006091298","14059103276006091298","14059103276006091298","true","true","true","false","false","false","1","1","1","2048","2048","2048","2048","0.000488281","0.000488281","0.000488281"
"512","4","16","5","1158913573213947398","1158913573213947398","1158913573213947398","true","true","true","false","false","false","1","1","1","2048","2048","2048","2048","0.000488281","0.000488281","0.000488281"
"512","4","16","6","9889361361352942511","9889361361352942511","9889361361352942511","true","true","true","false","false","false","0","0","0","2048","2048","2048","2048","0.000000000","0.000000000","0.000000000"
"512","4","16","7","4726592492590164936","4726592492590164936","4726592492590164936","true","true","true","false","false","false","0","0","0","2048","2048","2048","2048","0.000000000","0.000000000","0.000000000"
"512","4","16","8","12758660077387422956","12758660077387422956","12758660077387422956","true","true","true","false","false","false","0","0","0","2048","2048","2048","2048","0.000000000","0.000000000","0.000000000"
"512","4","16","9","13533881839499384096","13533881839499384096","13533881839499384096","true","true","true","false","false","false","0","0","0","2048","2048","2048","2048","0.000000000","0.000000000","0.000000000"
"512","4","16","10","7310189845034034888","7310189845034034888","7310189845034034888","true","true","true","false","false","false","0","0","0","2048","2048","2048","2048","0.000000000","0.000000000","0.000000000"
"512","4","16","11","5106243394418893227","5106243394418893227","5106243394418893227","true","true","true","false","false","false","1","1","1","2048","2048","2048","2048","0.000488281","0.000488281","0.000488281"
"512","4","16","12","15403085199196264906","15403085199196264906","15403085199196264906","true","true","true","false","false","false","0","0","0","2048","2048","2048","2048","0.000000000","0.000000000","0.000000000"
"512","4","16","13","18121799263214572774","18121799263214572774","18121799263214572774","true","true","true","false","false","false","1","1","1","2048","2048","2048","2048","0.000488281","0.000488281","0.000488281"
"512","4","16","14","12102561263290129450","12102561263290129450","12102561263290129450","true","true","true","false","false","false","1","1","1","2048","2048","2048","2048","0.000488281","0.000488281","0.000488281"
"512","4","16","15","16216014924467923489","16216014924467923489","16216014924467923489","true","true","true","false","false","false","2","2","2","2048","2048","2048","2048","0.000976562","0.000976562","0.000976562"
"512","4","16","16","18126529123794104350","18126529123794104350","18126529123794104350","true","true","true","false","false","false","0","0","0","2048","2048","2048","2048","0.000000000","0.000000000","0.000000000"
